variant,alerts_per_day,cost_ratio_missed_fraud_to_false_alert,false_positives,false_negatives,total_cost_in_false_alert_units,costs_are_illustrative,cost_minimising_alerts_per_day
B0,10,5,10,2738,13700,True,100
B0,25,5,37,2294,11507,True,100
B0,50,5,229,1700,8729,True,100
B0,100,5,1279,1180,7179,True,100
B0,200,5,4033,793,7998,True,100
B0,400,5,10028,506,12558,True,100
B0,800,5,22369,283,23784,True,100
B0,1600,5,47326,112,47886,True,100
B1-card_core_addr1,10,5,8,2736,13688,True,100
B1-card_core_addr1,25,5,38,2295,11513,True,100
B1-card_core_addr1,50,5,224,1695,8699,True,100
B1-card_core_addr1,100,5,1296,1197,7281,True,100
B1-card_core_addr1,200,5,4043,803,8058,True,100
B1-card_core_addr1,400,5,10031,509,12576,True,100
B1-card_core_addr1,800,5,22373,287,23808,True,100
B1-card_core_addr1,1600,5,47333,119,47928,True,100
B1-card1,10,5,9,2737,13694,True,100
B1-card1,25,5,38,2295,11513,True,100
B1-card1,50,5,223,1694,8693,True,100
B1-card1,100,5,1272,1173,7137,True,100
B1-card1,200,5,4013,773,7878,True,100
B1-card1,400,5,9982,460,12282,True,100
B1-card1,800,5,22355,269,23700,True,100
B1-card1,1600,5,47321,107,47856,True,100
B1-card1_card2,10,5,8,2736,13688,True,100
B1-card1_card2,25,5,38,2295,11513,True,100
B1-card1_card2,50,5,213,1684,8633,True,100
B1-card1_card2,100,5,1262,1163,7077,True,100
B1-card1_card2,200,5,4031,791,7986,True,100
B1-card1_card2,400,5,10000,478,12390,True,100
B1-card1_card2,800,5,22359,273,23724,True,100
B1-card1_card2,1600,5,47325,111,47880,True,100
G1-card1,10,5,6,2734,13676,True,100
G1-card1,25,5,38,2295,11513,True,100
G1-card1,50,5,256,1727,8891,True,100
G1-card1,100,5,1337,1238,7527,True,100
G1-card1,200,5,4108,868,8448,True,100
G1-card1,400,5,10089,567,12924,True,100
G1-card1,800,5,22415,329,24060,True,100
G1-card1,1600,5,47356,142,48066,True,100
B0,10,10,10,2738,27390,True,200
B0,25,10,37,2294,22977,True,200
B0,50,10,229,1700,17229,True,200
B0,100,10,1279,1180,13079,True,200
B0,200,10,4033,793,11963,True,200
B0,400,10,10028,506,15088,True,200
B0,800,10,22369,283,25199,True,200
B0,1600,10,47326,112,48446,True,200
B1-card_core_addr1,10,10,8,2736,27368,True,200
B1-card_core_addr1,25,10,38,2295,22988,True,200
B1-card_core_addr1,50,10,224,1695,17174,True,200
B1-card_core_addr1,100,10,1296,1197,13266,True,200
B1-card_core_addr1,200,10,4043,803,12073,True,200
B1-card_core_addr1,400,10,10031,509,15121,True,200
B1-card_core_addr1,800,10,22373,287,25243,True,200
B1-card_core_addr1,1600,10,47333,119,48523,True,200
B1-card1,10,10,9,2737,27379,True,200
B1-card1,25,10,38,2295,22988,True,200
B1-card1,50,10,223,1694,17163,True,200
B1-card1,100,10,1272,1173,13002,True,200
B1-card1,200,10,4013,773,11743,True,200
B1-card1,400,10,9982,460,14582,True,200
B1-card1,800,10,22355,269,25045,True,200
B1-card1,1600,10,47321,107,48391,True,200
B1-card1_card2,10,10,8,2736,27368,True,200
B1-card1_card2,25,10,38,2295,22988,True,200
B1-card1_card2,50,10,213,1684,17053,True,200
B1-card1_card2,100,10,1262,1163,12892,True,200
B1-card1_card2,200,10,4031,791,11941,True,200
B1-card1_card2,400,10,10000,478,14780,True,200
B1-card1_card2,800,10,22359,273,25089,True,200
B1-card1_card2,1600,10,47325,111,48435,True,200
G1-card1,10,10,6,2734,27346,True,200
G1-card1,25,10,38,2295,22988,True,200
G1-card1,50,10,256,1727,17526,True,200
G1-card1,100,10,1337,1238,13717,True,200
G1-card1,200,10,4108,868,12788,True,200
G1-card1,400,10,10089,567,15759,True,200
G1-card1,800,10,22415,329,25705,True,200
G1-card1,1600,10,47356,142,48776,True,200
B0,10,25,10,2738,68460,True,400
B0,25,25,37,2294,57387,True,400
B0,50,25,229,1700,42729,True,400
B0,100,25,1279,1180,30779,True,400
B0,200,25,4033,793,23858,True,400
B0,400,25,10028,506,22678,True,400
B0,800,25,22369,283,29444,True,400
B0,1600,25,47326,112,50126,True,400
B1-card_core_addr1,10,25,8,2736,68408,True,400
B1-card_core_addr1,25,25,38,2295,57413,True,400
B1-card_core_addr1,50,25,224,1695,42599,True,400
B1-card_core_addr1,100,25,1296,1197,31221,True,400
B1-card_core_addr1,200,25,4043,803,24118,True,400
B1-card_core_addr1,400,25,10031,509,22756,True,400
B1-card_core_addr1,800,25,22373,287,29548,True,400
B1-card_core_addr1,1600,25,47333,119,50308,True,400
B1-card1,10,25,9,2737,68434,True,400
B1-card1,25,25,38,2295,57413,True,400
B1-card1,50,25,223,1694,42573,True,400
B1-card1,100,25,1272,1173,30597,True,400
B1-card1,200,25,4013,773,23338,True,400
B1-card1,400,25,9982,460,21482,True,400
B1-card1,800,25,22355,269,29080,True,400
B1-card1,1600,25,47321,107,49996,True,400
B1-card1_card2,10,25,8,2736,68408,True,400
B1-card1_card2,25,25,38,2295,57413,True,400
B1-card1_card2,50,25,213,1684,42313,True,400
B1-card1_card2,100,25,1262,1163,30337,True,400
B1-card1_card2,200,25,4031,791,23806,True,400
B1-card1_card2,400,25,10000,478,21950,True,400
B1-card1_card2,800,25,22359,273,29184,True,400
B1-card1_card2,1600,25,47325,111,50100,True,400
G1-card1,10,25,6,2734,68356,True,400
G1-card1,25,25,38,2295,57413,True,400
G1-card1,50,25,256,1727,43431,True,400
G1-card1,100,25,1337,1238,32287,True,400
G1-card1,200,25,4108,868,25808,True,400
G1-card1,400,25,10089,567,24264,True,400
G1-card1,800,25,22415,329,30640,True,400
G1-card1,1600,25,47356,142,50906,True,400
B0,10,50,10,2738,136910,True,400
B0,25,50,37,2294,114737,True,400
B0,50,50,229,1700,85229,True,400
B0,100,50,1279,1180,60279,True,400
B0,200,50,4033,793,43683,True,400
B0,400,50,10028,506,35328,True,400
B0,800,50,22369,283,36519,True,400
B0,1600,50,47326,112,52926,True,400
B1-card_core_addr1,10,50,8,2736,136808,True,400
B1-card_core_addr1,25,50,38,2295,114788,True,400
B1-card_core_addr1,50,50,224,1695,84974,True,400
B1-card_core_addr1,100,50,1296,1197,61146,True,400
B1-card_core_addr1,200,50,4043,803,44193,True,400
B1-card_core_addr1,400,50,10031,509,35481,True,400
B1-card_core_addr1,800,50,22373,287,36723,True,400
B1-card_core_addr1,1600,50,47333,119,53283,True,400
B1-card1,10,50,9,2737,136859,True,400
B1-card1,25,50,38,2295,114788,True,400
B1-card1,50,50,223,1694,84923,True,400
B1-card1,100,50,1272,1173,59922,True,400
B1-card1,200,50,4013,773,42663,True,400
B1-card1,400,50,9982,460,32982,True,400
B1-card1,800,50,22355,269,35805,True,400
B1-card1,1600,50,47321,107,52671,True,400
B1-card1_card2,10,50,8,2736,136808,True,400
B1-card1_card2,25,50,38,2295,114788,True,400
B1-card1_card2,50,50,213,1684,84413,True,400
B1-card1_card2,100,50,1262,1163,59412,True,400
B1-card1_card2,200,50,4031,791,43581,True,400
B1-card1_card2,400,50,10000,478,33900,True,400
B1-card1_card2,800,50,22359,273,36009,True,400
B1-card1_card2,1600,50,47325,111,52875,True,400
G1-card1,10,50,6,2734,136706,True,400
G1-card1,25,50,38,2295,114788,True,400
G1-card1,50,50,256,1727,86606,True,400
G1-card1,100,50,1337,1238,63237,True,400
G1-card1,200,50,4108,868,47508,True,400
G1-card1,400,50,10089,567,38439,True,400
G1-card1,800,50,22415,329,38865,True,400
G1-card1,1600,50,47356,142,54456,True,400
B0,10,100,10,2738,273810,True,800
B0,25,100,37,2294,229437,True,800
B0,50,100,229,1700,170229,True,800
B0,100,100,1279,1180,119279,True,800
B0,200,100,4033,793,83333,True,800
B0,400,100,10028,506,60628,True,800
B0,800,100,22369,283,50669,True,800
B0,1600,100,47326,112,58526,True,800
B1-card_core_addr1,10,100,8,2736,273608,True,800
B1-card_core_addr1,25,100,38,2295,229538,True,800
B1-card_core_addr1,50,100,224,1695,169724,True,800
B1-card_core_addr1,100,100,1296,1197,120996,True,800
B1-card_core_addr1,200,100,4043,803,84343,True,800
B1-card_core_addr1,400,100,10031,509,60931,True,800
B1-card_core_addr1,800,100,22373,287,51073,True,800
B1-card_core_addr1,1600,100,47333,119,59233,True,800
B1-card1,10,100,9,2737,273709,True,800
B1-card1,25,100,38,2295,229538,True,800
B1-card1,50,100,223,1694,169623,True,800
B1-card1,100,100,1272,1173,118572,True,800
B1-card1,200,100,4013,773,81313,True,800
B1-card1,400,100,9982,460,55982,True,800
B1-card1,800,100,22355,269,49255,True,800
B1-card1,1600,100,47321,107,58021,True,800
B1-card1_card2,10,100,8,2736,273608,True,800
B1-card1_card2,25,100,38,2295,229538,True,800
B1-card1_card2,50,100,213,1684,168613,True,800
B1-card1_card2,100,100,1262,1163,117562,True,800
B1-card1_card2,200,100,4031,791,83131,True,800
B1-card1_card2,400,100,10000,478,57800,True,800
B1-card1_card2,800,100,22359,273,49659,True,800
B1-card1_card2,1600,100,47325,111,58425,True,800
G1-card1,10,100,6,2734,273406,True,800
G1-card1,25,100,38,2295,229538,True,800
G1-card1,50,100,256,1727,172956,True,800
G1-card1,100,100,1337,1238,125137,True,800
G1-card1,200,100,4108,868,90908,True,800
G1-card1,400,100,10089,567,66789,True,800
G1-card1,800,100,22415,329,55315,True,800
G1-card1,1600,100,47356,142,61556,True,800
B0,10,250,10,2738,684510,True,1600
B0,25,250,37,2294,573537,True,1600
B0,50,250,229,1700,425229,True,1600
B0,100,250,1279,1180,296279,True,1600
B0,200,250,4033,793,202283,True,1600
B0,400,250,10028,506,136528,True,1600
B0,800,250,22369,283,93119,True,1600
B0,1600,250,47326,112,75326,True,1600
B1-card_core_addr1,10,250,8,2736,684008,True,1600
B1-card_core_addr1,25,250,38,2295,573788,True,1600
B1-card_core_addr1,50,250,224,1695,423974,True,1600
B1-card_core_addr1,100,250,1296,1197,300546,True,1600
B1-card_core_addr1,200,250,4043,803,204793,True,1600
B1-card_core_addr1,400,250,10031,509,137281,True,1600
B1-card_core_addr1,800,250,22373,287,94123,True,1600
B1-card_core_addr1,1600,250,47333,119,77083,True,1600
B1-card1,10,250,9,2737,684259,True,1600
B1-card1,25,250,38,2295,573788,True,1600
B1-card1,50,250,223,1694,423723,True,1600
B1-card1,100,250,1272,1173,294522,True,1600
B1-card1,200,250,4013,773,197263,True,1600
B1-card1,400,250,9982,460,124982,True,1600
B1-card1,800,250,22355,269,89605,True,1600
B1-card1,1600,250,47321,107,74071,True,1600
B1-card1_card2,10,250,8,2736,684008,True,1600
B1-card1_card2,25,250,38,2295,573788,True,1600
B1-card1_card2,50,250,213,1684,421213,True,1600
B1-card1_card2,100,250,1262,1163,292012,True,1600
B1-card1_card2,200,250,4031,791,201781,True,1600
B1-card1_card2,400,250,10000,478,129500,True,1600
B1-card1_card2,800,250,22359,273,90609,True,1600
B1-card1_card2,1600,250,47325,111,75075,True,1600
G1-card1,10,250,6,2734,683506,True,1600
G1-card1,25,250,38,2295,573788,True,1600
G1-card1,50,250,256,1727,432006,True,1600
G1-card1,100,250,1337,1238,310837,True,1600
G1-card1,200,250,4108,868,221108,True,1600
G1-card1,400,250,10089,567,151839,True,1600
G1-card1,800,250,22415,329,104665,True,1600
G1-card1,1600,250,47356,142,82856,True,1600
