iteration,validation_auc,validation_average_precision,validation_binary_logloss
1,0.8428740272103219,0.2974889639716456,0.14017316973095942
2,0.8560949517942145,0.33304187398733803,0.13844823373017842
3,0.8631898830742003,0.36705115460592225,0.13876611144474826
4,0.8666383641024088,0.3732671600963554,0.14026099388692578
5,0.8697972324914421,0.3751348457365233,0.14265364456188914
6,0.8717880157844115,0.3802023704169504,0.145191205528683
7,0.8740878518112385,0.38124097814262725,0.14806751361175555
8,0.8749633170774405,0.386633662294706,0.15149743471391552
9,0.8765685035847903,0.38809521215728093,0.15473417158183916
10,0.8776032461949007,0.3903903318929214,0.15791035844739462
11,0.8792064227843859,0.39556160061237194,0.16121089751120848
12,0.8801059013809474,0.39603866279897837,0.16441553669020453
13,0.8804377626473621,0.3992938006260437,0.16807733961411753
14,0.8816683877020728,0.4018980863725966,0.17140543483971843
15,0.8826608259606433,0.40335773918518913,0.17493852664972145
16,0.883599325018084,0.40516980622086646,0.17838863537244073
17,0.8839930979036218,0.4081924972590669,0.18167081247435948
18,0.8846578522967701,0.40903371675622624,0.1848273583540151
19,0.8854429289048855,0.41023787123399363,0.18794499974631237
20,0.8857063933965428,0.41036094093815256,0.19138719080784208
21,0.8862913121611583,0.4115475989950317,0.19467125857681655
22,0.8868175839820353,0.41318219433117737,0.19778863623919468
23,0.8875918923495063,0.4141052762490923,0.20098526103778472
24,0.8879802503702803,0.41431653644161026,0.20400974252513343
25,0.8883068793170528,0.4154008773906869,0.20708027022320713
26,0.8886249728382467,0.4173696995450959,0.20981307194567891
27,0.8889244121695447,0.41886732539996796,0.2129358527441873
28,0.8890186419612943,0.41996485527995736,0.21633808868760693
29,0.8893129834798817,0.42124554521201474,0.2191062447201643
30,0.8893773412036337,0.42242231976056926,0.22173881501301418
31,0.8897457652971332,0.4230626732789337,0.22466156930471773
32,0.8902991537154362,0.42421701712278354,0.22701860558790138
33,0.8906926422148899,0.42620708288356196,0.22949999447502023
34,0.8910730374253086,0.4282297230783748,0.23201982275391278
35,0.8914120909695128,0.42904508964444804,0.23437729928685583
36,0.8916861142553067,0.42951069137427994,0.23673999487537334
37,0.8921962221860514,0.4309226181569678,0.23883352040144057
38,0.8925600826515119,0.431820973999393,0.24071842211902975
39,0.8927435616354841,0.43206201034451963,0.24314569329054386
40,0.8931279517017736,0.43370936207014554,0.24522230554988628
41,0.8933187593919946,0.4340472283446926,0.24725314057764264
42,0.8933359051827281,0.43410674513995456,0.24982993857455393
43,0.8934702180401173,0.43503607027658114,0.25176811652908304
44,0.8937458016063187,0.43551982518370747,0.25354542921149487
45,0.8940149557411858,0.43625816538821793,0.2558476619489951
46,0.8944812951163631,0.4367104855268347,0.2575236616106733
47,0.8947256173501152,0.43723100166527307,0.25917107105574205
48,0.894973992085566,0.4383481006695251,0.2611292820098793
49,0.8952061222267255,0.43892949760646865,0.26291875049926317
50,0.8954899529893662,0.4412799260785248,0.264485162985628
51,0.8955474278012715,0.44099925307832,0.26598402221157735
52,0.8956418555103636,0.4407507362267409,0.26789233971296234
53,0.895757969579897,0.4411603758373124,0.2695669757899786
54,0.8958961889028876,0.4415007992409238,0.27146652415970607
55,0.8960796563576942,0.4422045007354622,0.27260351314103826
56,0.8963812016832367,0.44246513530475934,0.2740150609330204
57,0.8965850277229163,0.4431404291401504,0.2756361425914616
58,0.8965799126164573,0.443197049653718,0.27699294880172065
59,0.8967831871777171,0.44391263984910245,0.278205125440928
60,0.8970609555207943,0.4447906161229047,0.27950598711605146
61,0.8972475762023849,0.44536030807634425,0.2804674030910483
62,0.8973544611748778,0.44598948884373774,0.28200837572858795
63,0.8977525382822292,0.44686511208692803,0.2827993824633028
64,0.8979224685751264,0.44872852226033527,0.28382358758229614
65,0.8981553000738581,0.45015015387992435,0.2849342423094137
66,0.8982305605451862,0.45031410061400745,0.28577552841599413
67,0.8982764677609674,0.45067797043887436,0.2866202969409324
68,0.8983697348673918,0.4510001980918913,0.2880310945874214
69,0.8985064188898337,0.45135314428509304,0.28872653171353635
70,0.8987748678240735,0.45167885905055044,0.28963783288213013
71,0.8988409030414162,0.4519984327716025,0.2903764790575356
72,0.8991399350088639,0.4523340874693658,0.29116580523741864
73,0.899454821500501,0.45349878000406674,0.2917231723178725
74,0.8996853875181979,0.4543546251357546,0.292468388158717
75,0.8999930663598248,0.45600069676219435,0.29309628889401457
76,0.9000390715735134,0.4562457575681881,0.29382205730534794
77,0.9002799465867594,0.45670778989908145,0.2943901686777961
78,0.9006290477987599,0.4574699762272445,0.29496090436332995
79,0.9008798340513429,0.4576364578347521,0.2953238946288439
80,0.9009461728700456,0.45807183379592287,0.29593517177856266
81,0.9010456695689343,0.45804974320041736,0.2963097249475841
82,0.9013746792883974,0.45864105227541446,0.29648734920350145
83,0.9014706691994245,0.45899480899041584,0.2970784696190551
84,0.9016827827876229,0.459393264108533,0.29763622888177976
85,0.9019530936821026,0.46044173293907326,0.29790631704930176
86,0.9021555842601033,0.46105156926486013,0.2980906300044694
87,0.9024135916133899,0.4612991408269468,0.298531238596838
88,0.9026259165696238,0.46177556585129476,0.2988917389281382
89,0.9027602178978474,0.46192123178587224,0.29929170360095964
90,0.9029399595106465,0.4626944387641916,0.29944332375463717
91,0.9031448481550864,0.46338312789349134,0.29982362101410287
92,0.9032880999588493,0.4637020574873053,0.30030328416246505
93,0.9034090024751504,0.46414871676492553,0.30028910796141234
94,0.9036121367648957,0.46445435690551035,0.30037756848149627
95,0.9038401875029702,0.46516266409636886,0.3004390898393595
96,0.9042399036733605,0.46564956703502014,0.30064592951858854
97,0.9045391277935677,0.466231629867189,0.3007309114217844
98,0.9046643960205656,0.46645740863836227,0.3010307174925381
99,0.9049013645682102,0.46703627654826435,0.3013352595933868
100,0.9050459979503142,0.46802095616636474,0.3014447729623765
101,0.9052429526073127,0.4678015791555008,0.30161122927938677
102,0.9055118377283166,0.468553517167774,0.3014516174968934
103,0.9056015730670207,0.4687152315202843,0.3019231957961675
104,0.905826195799865,0.47021594550998536,0.30224603691105983
105,0.9059320373828735,0.4707049802638833,0.30234863922951194
106,0.9060417124134349,0.4718406703103986,0.3022050776446855
107,0.9060764843768009,0.47241538910023284,0.30218811233191334
108,0.9060631451322337,0.47282947649194557,0.3022575617842091
109,0.9061081511515726,0.47247306426355345,0.30213536617694037
110,0.9061202029726508,0.4726734366499457,0.3025649081474818
111,0.9061418278442093,0.4731692004826694,0.30259973822852804
112,0.9062030400272876,0.4741778452090671,0.30265768781641506
113,0.906369863210063,0.4747533771739469,0.3023926989989228
114,0.9064203686413799,0.4750803775308721,0.3025062699249551
115,0.9065560208035031,0.47583187030140156,0.3023477787130129
116,0.9065960692816459,0.47618042509085373,0.30221641433704566
117,0.9066765082698436,0.4767454632392128,0.3018854355761022
118,0.9068390464460813,0.47734578981079,0.3018182253589235
119,0.9068380472517317,0.4775728155469834,0.3017316310592236
120,0.9068928453756967,0.47817840365989245,0.301583219920644
121,0.9069961716790829,0.4780721022212444,0.30144724074945767
122,0.9071042672139608,0.4785009917823293,0.3004534113640139
123,0.9071318219196784,0.4796633677473437,0.3002751034516064
124,0.907370106713726,0.48050900535212066,0.2999839328860876
125,0.9073701835748298,0.48062622395141363,0.29987077914072546
126,0.9076035569443435,0.48120736763066857,0.2994515467027238
127,0.9077485227507215,0.4809202639175665,0.29898595388744903
128,0.9079055692010917,0.48154869452554644,0.29893091080924966
129,0.9080517782358238,0.48191201491134983,0.29869749204027607
130,0.908129123564593,0.484963611651487,0.298851686555358
131,0.9084035080975748,0.4875072734667818,0.29465560987344375
132,0.9087240189004836,0.4881432571894475,0.2943847202058306
133,0.9088674436417301,0.48821575823184277,0.2942519487398013
134,0.908941218772227,0.48900546647455034,0.29394393546864533
135,0.9091398201783748,0.4893256875231039,0.2936285022220888
136,0.9091783468066621,0.49229990645955246,0.29393616422970575
137,0.909175283891675,0.4926417713060454,0.29375188142716646
138,0.9092952832900063,0.491732804269965,0.293683587351448
139,0.9093600310838602,0.4921395258579256,0.29347210545590907
140,0.909620363485537,0.4931289642072119,0.29302650260950025
141,0.909627111890452,0.49309600951723526,0.2927621678871643
142,0.9096776980259278,0.4934908075927144,0.29257789313188054
143,0.9097414581545976,0.49737216274695434,0.2923077661366507
144,0.9097915370067884,0.4974859715764819,0.2922078090424562
145,0.909929423905505,0.49727948836142477,0.2919997913514923
146,0.9100533778076275,0.49763015761294854,0.29192203989693843
147,0.9101216996428088,0.4974705758401503,0.2915126889937471
148,0.9100384859687634,0.49934662210014824,0.2911693208119885
149,0.9101645881387376,0.5011105815494742,0.29092228281113675
150,0.9103554496317312,0.5012244888773265,0.2904937312429406
151,0.910483580934846,0.5012253921114407,0.29023193673325914
152,0.9105378448741395,0.5012516481172554,0.29015230075416015
153,0.9105509074187329,0.5014097634132483,0.2898115816649909
154,0.9106478504074472,0.5023300205599245,0.28958500861646846
155,0.9107005483017504,0.5026840457709383,0.28958753652881897
156,0.9107263044576389,0.5027790116978264,0.28941935781477063
157,0.910858428695097,0.5032127656060339,0.2892585037319445
158,0.9108589398214374,0.5028918269696281,0.2890819241421348
159,0.9109935889461558,0.503042950305418,0.28874144888666714
160,0.9109867675231922,0.5031300508180605,0.28882421006832965
161,0.9110700196277896,0.5052829450641032,0.28836501933794895
162,0.9110960716989276,0.5062991578696702,0.2880961912526284
163,0.9111744584956534,0.5063365627362348,0.28767572034109273
164,0.9113236266828825,0.5070939346748583,0.2873636562165942
165,0.9113947962219601,0.5071823584787052,0.2869701094195285
166,0.9115493273927079,0.5070973639755167,0.2864180459121306
167,0.9115800295606268,0.5074487849168617,0.2860653666750569
168,0.9116332558750188,0.5076941743540051,0.2856657273455667
169,0.9117254392398794,0.508578759383632,0.2851932401481676
170,0.9118307351090508,0.5091055752744513,0.2849770407376944
171,0.9121156707500588,0.5096011169417817,0.2845700120080235
172,0.9121140720390994,0.5095235742359094,0.2844104721057673
173,0.9122114858020747,0.5098317235627804,0.2843338866860805
174,0.9122567224047251,0.5097123781922166,0.28384770129774883
175,0.912298465670207,0.5097175182102153,0.2835405471303329
176,0.9124644779683372,0.5103834013314807,0.28309752042202807
177,0.9125514578364695,0.5104414116283309,0.2828444968387128
178,0.9126519960033148,0.5107356378495651,0.28243259274154947
179,0.9127169666943697,0.5112531785753878,0.28216253603487007
180,0.9128105258729886,0.5120436314717269,0.2818213642232075
181,0.9128809421732488,0.5127888356004336,0.28180219375279913
182,0.9128689326257777,0.5128270174616892,0.2816913522261317
183,0.9129116404981126,0.5130883406855453,0.28145587320707827
184,0.9129587102380888,0.5131898218999389,0.28122198534807535
185,0.9130854503552247,0.5145391507131737,0.2807607769579729
186,0.9132009725942588,0.5148950598028995,0.2803808646701099
187,0.9132987245460908,0.5152503806844394,0.28004207758290145
188,0.9133020833763276,0.5156870275077566,0.2795784151276225
189,0.9132847704126932,0.5152509044172823,0.27951742538467084
190,0.9133560821448128,0.5158476220390577,0.2790545670992436
191,0.9133751475416141,0.515624673995878,0.278507347003086
192,0.9134013456488494,0.5160926495743764,0.2782938993081362
193,0.9133417360197857,0.5159096873893174,0.2778741064586985
194,0.9133678880103588,0.5163372401217559,0.2775650282106502
195,0.9134424279088387,0.5164913733146717,0.27732524903072053
196,0.9133569852627826,0.5171273187727973,0.2771289337829635
197,0.9134098464869315,0.5177645475913879,0.2767752565704818
198,0.9134433540851397,0.5175048741653278,0.2762333897617532
199,0.9135035324863716,0.5181391668948632,0.2751388573397467
200,0.913554975623155,0.518420463733896,0.2748140694264855
201,0.9136770925448965,0.5193306529308669,0.2743623848748332
202,0.9137370768718414,0.5196477324401928,0.27425979273442996
203,0.9138320656669912,0.5208682167325445,0.2731446232513434
204,0.9139018939798071,0.5207812032044087,0.2728111061306281
205,0.9139389371887908,0.5209131710141818,0.2726414634251952
206,0.913953506211019,0.5210713965818375,0.27240931213358355
207,0.9139392062026542,0.5213646889876657,0.27235555225630304
208,0.9139856764260208,0.5220825308389978,0.27226593982598907
209,0.914069028450053,0.5219679686559049,0.27202791304409485
210,0.9141832824808741,0.5223421619711205,0.27167154818062267
211,0.9141300753817582,0.5224631850266819,0.27166796053427533
212,0.9142757579179293,0.5232663936162762,0.2712215102576745
213,0.9144172822683839,0.5239487462761345,0.2708017456302635
214,0.9144167942003747,0.5238191400188285,0.2705156551684382
215,0.914513081948179,0.5244822535258628,0.2691125713120164
216,0.914503593444913,0.52464101158652,0.26891355446977694
217,0.9145100536206887,0.5252916081518251,0.26877161973736097
218,0.9145781602447792,0.5260291185829439,0.26855331443175945
219,0.9146314980077718,0.5262211842243091,0.26824545415254736
220,0.9147462670079883,0.5269302161454699,0.268095080818837
221,0.9148156994861197,0.527110805377053,0.26778555770314816
222,0.9148224786354762,0.5272216063152029,0.2677114063172416
223,0.914835913956423,0.5276166270218724,0.2675959749610231
224,0.914807525307729,0.528021203044,0.26723100149091855
225,0.9148202304481896,0.5287279151391641,0.26704257420417066
226,0.9147708318167677,0.5288049589147135,0.266641102565025
227,0.9149102463299227,0.528919669049685,0.2664481654993354
228,0.9149739488127646,0.5290065680457061,0.26602366143850903
229,0.9149898052584816,0.5291970806252584,0.2658895181279392
230,0.9150022875017412,0.5295962006022309,0.2656905372073936
231,0.9150699252730985,0.5299509404014158,0.26553839556201664
232,0.9151082021027983,0.530271597921787,0.2650514492398262
233,0.9152285589052623,0.5306411138294791,0.26464262658007176
234,0.9153130331014103,0.5311167661716165,0.2643494364791228
235,0.915337325053271,0.531232654705345,0.2644075330703308
236,0.9153223063935856,0.5310947018519796,0.26460131075897464
237,0.9152758553854949,0.5314384134927205,0.2641224154120952
238,0.9152892638050555,0.5317992092353326,0.2640258136082692
239,0.9153378630809977,0.5319217339161227,0.2637610443501692
240,0.9153498072965307,0.532180430574634,0.2635692987573028
241,0.9153609214121423,0.5324047794542497,0.2633903648298441
242,0.9154069612133275,0.532270512014641,0.26311788434906014
243,0.9155612099195188,0.5326781108608417,0.2626215668315999
244,0.9156887263338032,0.5331633344958143,0.26233884131780016
245,0.9158473407506912,0.5332702389192394,0.26180980232774503
246,0.9159318687496119,0.5336857939040753,0.261576486979298
247,0.9160505960966749,0.5340418686977965,0.2607542577785899
248,0.9161829470743893,0.5345146840639637,0.26032945063869073
249,0.9162759874405575,0.5348607883196125,0.25991072457225084
250,0.9163525564721781,0.5350267615092029,0.2594020278744014
251,0.9162870669686723,0.5355120269138511,0.2560226730375906
252,0.9163998375801898,0.5358020959900176,0.25563530062518575
253,0.9164389406667558,0.5361346001992101,0.2555795875315814
254,0.9164620182131763,0.5363770010970595,0.255389900357137
255,0.9165417769806051,0.5365539935900411,0.2551089692648181
256,0.9166451513221813,0.5369337441374022,0.2548590209332163
257,0.9167880822308357,0.5373545049320563,0.2544220954577895
258,0.9167487908345655,0.5374061466249492,0.25433882017570825
259,0.9168014714351204,0.53758261120706,0.25434750078086743
260,0.9168396137578886,0.5376942497055168,0.25414080039737214
261,0.916844882586555,0.5376974141191618,0.254069842520065
262,0.9169051954947187,0.5374058138103028,0.25389065679070955
263,0.9168959606330954,0.5375655423243348,0.2537626745428523
264,0.9169699048580207,0.5380419730892658,0.2532240575026782
265,0.9169949807931403,0.538698042415907,0.2530700394210251
266,0.9170373696918943,0.5389796872416179,0.25275631907601004
267,0.9170095152278718,0.5392939436344488,0.25252986429333035
268,0.9170726758399318,0.5394089939661918,0.24857457803291189
269,0.9171432727637859,0.5395501443467089,0.24838891267982857
270,0.9172562470572285,0.5397636553364431,0.2477280053421919
271,0.9172657317174393,0.540014545290522,0.2474733180226309
272,0.9173024943833941,0.540338674603842,0.24722690121638513
273,0.9173457056959589,0.5404749391295355,0.2468394758462014
274,0.9176623619145114,0.5410921164727677,0.24201372334429047
275,0.9178173446442441,0.5416274193192115,0.241641748946874
276,0.9178036134080475,0.541778929441143,0.241480815370853
277,0.9178250884004535,0.5418874411480515,0.24129388575688285
278,0.9178324055775366,0.5419763295657792,0.24110106352413868
279,0.9178912811830591,0.5422187281777608,0.24089130153173177
280,0.9179015728848599,0.5429809387335665,0.24061307774196763
281,0.9178948744396623,0.5428478857093864,0.24042252763549654
282,0.9179118338422192,0.5431764103749963,0.23989904835961998
283,0.9179841101811916,0.543526505465942,0.2395746870441556
284,0.9179668049036677,0.5434601892622953,0.23957384828748432
285,0.9179321290166815,0.5432700719917021,0.23942647757910687
286,0.9179245735701765,0.5435531868589751,0.23932556427293677
287,0.9178892597360286,0.5440819832966238,0.2390595533050421
288,0.9178820386353252,0.5443809898738627,0.23877232940087345
289,0.9178428048848829,0.5444345995448217,0.23858232063379475
290,0.9178109305851307,0.5444945812363525,0.2383491249927308
291,0.9177937060117658,0.5447346232843064,0.23806412651106634
292,0.9177805166463511,0.5447540228195301,0.23808710288630142
293,0.9178636688315135,0.5450683430198804,0.23785232047220795
294,0.9178831492782754,0.5454313833011051,0.23763960106870285
295,0.9179749752390033,0.5457376986540853,0.23727995734704888
296,0.9179518976925828,0.5458172431889124,0.2370942526469189
297,0.9180640341999938,0.5460606394177655,0.23644507109754595
298,0.918101430970055,0.5461096975494316,0.23624588964295834
299,0.9181444616590259,0.5465058621666699,0.23604922470572778
300,0.9181466867879813,0.5465220812189179,0.23583316850801675
301,0.9181314759755363,0.5465657030781365,0.23558986554183164
302,0.9181352037390713,0.546568079780652,0.23528972930421513
303,0.9181977264039697,0.5467229934437826,0.23487673728411324
304,0.9183139557651588,0.5471017060081533,0.2343569307184843
305,0.9183753601009967,0.547068465026731,0.2309106302615184
306,0.9184011239429956,0.5470423818371142,0.2310391081928951
307,0.9184547537781825,0.5476992876111848,0.23073313782791277
308,0.9184501228966776,0.5476694983540735,0.23053813251030786
309,0.9184647457216785,0.5479863572042252,0.23030975505950915
310,0.9184932381328627,0.5480211568128417,0.23018397134300134
311,0.9185750644639842,0.5482423518636333,0.22999137735272224
312,0.9185722705628605,0.5484730052941719,0.2298853972199555
313,0.9186049941778098,0.5483644449524363,0.22963967071319372
314,0.9185976347271195,0.5482903676083932,0.22954126545569853
315,0.9185834769117968,0.5485132203128694,0.2293162552847355
316,0.9185528554480369,0.5485261535802619,0.22930172166151153
317,0.9185605799889702,0.5488158866350336,0.22910589625926644
318,0.9186667443886148,0.5491347856956112,0.2288012415772755
319,0.9186494967569188,0.5491041524420256,0.22866751248725
320,0.9185531590493969,0.5488557603700942,0.22867671424219962
321,0.9185483629165189,0.5489126437854557,0.22851952636522063
322,0.9185283559711959,0.5490203831241204,0.22811553003494517
323,0.918577416413761,0.5490869727861877,0.22782362460028874
324,0.9185710484713099,0.549250373822899,0.22786886840936252
325,0.9185401848950729,0.5494751382193535,0.22744929404010283
326,0.9185345701914392,0.5495390786542499,0.2274056982489198
327,0.9185082029897755,0.5495721714343932,0.2272782707327751
328,0.9185788114427952,0.549606270348403,0.22689267320475406
329,0.9185833577770859,0.5494885270977484,0.22672936950711103
330,0.91865798222278,0.5497199465621848,0.22650165991674964
331,0.9186318686627588,0.5497066827551677,0.22637083660927046
332,0.9186284252853079,0.550066295200914,0.2262100104843704
333,0.9186408076091325,0.5501306985192573,0.22590537036582375
334,0.9186689041856321,0.5503434720360699,0.2257279851776944
335,0.918701239652007,0.550667869718172,0.22550360129234512
336,0.9186493353486007,0.5507305444581823,0.2253036884626331
337,0.9187357541306752,0.5508651656751818,0.225113437080155
338,0.9188934269990414,0.5512847535675222,0.22446521258659805
339,0.9188260736137683,0.5511803770787475,0.2243938351303617
340,0.9188572062038686,0.5513172810038504,0.224228932057968
341,0.9188732432731797,0.5515374739553262,0.2240355666829476
342,0.9188948873600139,0.5518630662873101,0.22407864959786974
343,0.9188389632208781,0.551822166098884,0.22390678081047882
344,0.9188875125371029,0.5517719982061113,0.22361115811744642
345,0.9188822014348292,0.5521655985626311,0.22339803644819634
346,0.9190006482388635,0.5525462367379667,0.22321397011613217
347,0.9189775168896703,0.552513270136796,0.2231485196212717
348,0.9189753263482116,0.5525343852189187,0.223003533510956
349,0.9189753263482116,0.5525343852189187,0.22038059556938333
350,0.9190601502623819,0.552922702504068,0.2201261895436649
351,0.9189982655446453,0.5526975601777535,0.21986350060420964
352,0.9189801455394208,0.5530362005641287,0.21973012729074673
353,0.918968001485018,0.5533969576741607,0.2196329899684702
354,0.9189909867981139,0.5537476793016506,0.21941039192554387
355,0.9189766752605836,0.5536936451009722,0.21935398702010092
356,0.9189635089535,0.553608593233747,0.21908082134289528
357,0.9189709106777975,0.5538551820846953,0.21884502166817354
358,0.9189988612181997,0.5539469464594775,0.21863525272151818
359,0.9190096832616169,0.5539156776962573,0.21837145507357655
360,0.9190699000934008,0.5539549191061878,0.21488470441461924
361,0.9190687971365611,0.5542317551382332,0.21472211113666928
362,0.9191095565799142,0.5544211336886599,0.21452118641611584
363,0.9191464499097455,0.5544450780743443,0.2143216355619248
364,0.9191736203099441,0.5544916563839287,0.21412275913182743
365,0.9191790812913702,0.5544925853595944,0.21386697067129443
366,0.9192463462863739,0.5546002311325338,0.21367727108549173
367,0.9192546242272548,0.5545621245758332,0.21352083201085767
368,0.9193072356528162,0.5546086201990537,0.21329842518535028
369,0.9193857607995288,0.5548894777922417,0.21309209228262266
370,0.9193776865405731,0.5547613614500431,0.2129714590527726
371,0.9193669029277078,0.5546369601308886,0.2127824453714641
372,0.9193549894566165,0.5547098280999752,0.21255439266257853
373,0.9193152561089993,0.5546656812210821,0.21251386306197903
374,0.9192963905510679,0.5548267108522278,0.2123602093338714
375,0.9192068934817856,0.55474286831919,0.2123683104509092
376,0.919233252997339,0.5549327866213745,0.21207033791677998
377,0.9192297097004531,0.5552106973551928,0.2119132727629276
378,0.919272598196382,0.5555760968262807,0.21178978069668752
379,0.9192673793274329,0.5556335675911368,0.21146524342378067
380,0.9192304437239945,0.5558260682662134,0.2113106447710867
381,0.9191891155084733,0.5558959693403365,0.21119298683719434
382,0.919303242718473,0.5559627268207225,0.21089123314779878
383,0.9193501395209658,0.5560393624228801,0.21088854666620907
384,0.9194422229663914,0.5560829870903036,0.21059494641139537
385,0.9194238723778556,0.5562122651773778,0.21046247786184097
386,0.9194225887974219,0.5562729104478239,0.21037734848159406
387,0.9194720335455061,0.5564877025044043,0.21014654938484256
388,0.9194936814753957,0.5564092819738778,0.20998358189861088
389,0.9194638017212875,0.5565018649043816,0.20980060964050887
390,0.9195306555093858,0.5566456365155826,0.20962510626088865
391,0.9196215168632609,0.5571778173092453,0.20929895159450454
392,0.9195496863186905,0.5571675899592752,0.20735241487481512
393,0.9195612692870354,0.5572289351811448,0.20729377848852273
394,0.9196032854094359,0.5574232165122472,0.20711876220577238
395,0.9196204869244697,0.5577327705390763,0.20698429064319282
396,0.9195764493550389,0.5577028682736962,0.2067475372870489
397,0.9196444330013633,0.5577846098246836,0.20646482596332022
398,0.9196610273136769,0.5580258444355353,0.20632555739355066
399,0.9197628605901216,0.5582156001372381,0.20564877136606421
400,0.9197667074883675,0.5583326117114981,0.20533642478710898
401,0.9198448675448371,0.5584932884671095,0.20517031810471706
402,0.9198856116159694,0.5586722615322253,0.2049245320204549
403,0.919814465135223,0.5589188169708492,0.20489567617725588
404,0.9196990236003479,0.5588376330257122,0.20494348679320604
405,0.9197536680021053,0.5590999057815619,0.20475215030835192
406,0.9198513968956061,0.5592587377270052,0.20452895369245436
407,0.9199039314600638,0.5594404180359548,0.20440718121311643
408,0.9199769418225777,0.559952671978401,0.2007073890666053
409,0.919957868739666,0.5599866384941348,0.20052888662260046
410,0.9199795896876041,0.5600515239971354,0.20043870436880656
411,0.9199432497577203,0.5602357744235171,0.20031991361470639
412,0.9199791323640364,0.5603981071068574,0.20022316970140905
413,0.9200180625131188,0.5605624991611894,0.2000409644130735
414,0.9201020524843126,0.56084888271626,0.1996996626114261
415,0.9200929444435105,0.5608193578822003,0.19957436481979104
416,0.9200771571727869,0.5609813920479954,0.19940663731367453
417,0.9201248187432627,0.5611189819513979,0.19912795341486408
418,0.9201919415452244,0.5612634170367579,0.19896890923385208
419,0.9202196807175913,0.5613684771762452,0.19865567248141494
420,0.9202873838208867,0.5615999058688328,0.1984305133164734
421,0.9203392996534586,0.5617860919823289,0.19821662207277654
422,0.9203729225433226,0.561882758584886,0.19456026579078997
423,0.9203461671930845,0.5620128454589576,0.19444348569705633
424,0.9203489956817049,0.5623526800434769,0.19425150927588805
425,0.9203740293432174,0.5625251654128819,0.19407436186697083
426,0.9204040935639748,0.5624743630204169,0.19396562612607698
427,0.9203989323408536,0.562575413102941,0.19399298966930803
428,0.9204719657616987,0.5626205611582157,0.19375357243717764
429,0.9205254726191195,0.5627779344020437,0.19362538422663417
430,0.9205070528555902,0.562984613755838,0.1934293133636812
431,0.9204788448304901,0.5631883156334044,0.19332750960742043
432,0.9204766120154243,0.5632506526834593,0.19316953285687943
433,0.9204781799819421,0.5632783616659768,0.19299034046145946
434,0.920581208448551,0.5633923807735989,0.1902560496042018
435,0.9206082943015355,0.5634340343878161,0.1901013830343208
436,0.9205586958312436,0.5634866117436936,0.18971644288007655
437,0.9205952817166595,0.5638318547800851,0.189625765528443
438,0.920548872982176,0.5638457769006652,0.18957654839294247
439,0.9204456139322557,0.5639141580951669,0.18940487946466988
440,0.9205350917862619,0.5641422559326363,0.18920271173362505
441,0.9205105615649793,0.564183648774855,0.18905359271921
442,0.9205327475225956,0.564313669977062,0.18889876353413218
443,0.920510534663593,0.5644556972148046,0.18870673595184326
444,0.9205246079317015,0.5644730751889129,0.1885900200765566
445,0.9204972107912467,0.5645699350605323,0.1884990737549046
446,0.9203793442885463,0.5644104942842664,0.18846302598293332
447,0.9204474816570783,0.5645323104799861,0.1882859091017107
448,0.9204593067379003,0.5646269004766538,0.18820432979458743
449,0.9204487344930705,0.5646956554762553,0.18814339446925862
450,0.9205168987629889,0.5648955602610618,0.18798296308152862
451,0.9205942479348133,0.5650094281982405,0.18782734776982424
452,0.920603974707501,0.5650137199834248,0.18764637781847707
453,0.9205887331506145,0.564979673293802,0.18725138150989742
454,0.9205558481273473,0.5649228348003769,0.18715927207943087
455,0.9205357489486996,0.5650076426699533,0.18711932816795704
456,0.920551935897163,0.5649813505775985,0.18709559675227155
457,0.9205036940253535,0.564941852128967,0.1869868946707193
458,0.9205616472976301,0.5650112547363906,0.18682931715103315
459,0.9207265835403068,0.5652423960461358,0.1839840253037082
460,0.9206451492008147,0.5651735545609704,0.18388344947444757
461,0.9206532580472673,0.5653058628995535,0.18376836824553677
462,0.9205716238689052,0.5653138166696683,0.18367409489631006
463,0.9206312603993554,0.565525927262804,0.1834009134254476
464,0.9206294772217469,0.5656854262590918,0.18321027509386426
465,0.9206181094644926,0.5658161101314951,0.18303169407088044
466,0.9206085517862332,0.5660678182531523,0.182436749199345
467,0.9206646411767423,0.5662534185849517,0.18222384360235033
468,0.9206699484359607,0.5663113407977222,0.18208249836681709
469,0.9206905433687279,0.5664007034525136,0.18209640451208461
470,0.9206955508696415,0.5664612990912251,0.18190134588545334
471,0.9206278516094012,0.5663092940563543,0.181780235419578
472,0.9206201962434613,0.5663547457116821,0.1817592114459499
473,0.92062722134835,0.5663948632379641,0.1816191472647544
474,0.9207010733399507,0.5665332703592587,0.18144455173351298
475,0.9206972571861461,0.5665331738150686,0.18123100286765353
476,0.9207163417982235,0.5665397261971302,0.18106065446345745
477,0.9206617473561837,0.5665107000741197,0.18093391633075778
478,0.9206054427545839,0.5664433454836851,0.18074503756870883
479,0.9206561019081084,0.5668762383572288,0.18035489894607834
480,0.920597245517862,0.5667658035831292,0.1802680246635048
481,0.920665017796151,0.5668372388698844,0.18011203161170877
482,0.9206667932876491,0.566891997432901,0.18013165922141972
483,0.9207427781748807,0.5671102639016764,0.17977585952166522
484,0.9208338316815152,0.5672387051007104,0.17962399042876476
485,0.9207923651160069,0.567579827105811,0.17941731478715076
486,0.9208062193299696,0.5676745332935027,0.17931689637485035
487,0.920753381164152,0.5679148598471496,0.17907194713903818
488,0.9207341966326397,0.5678632321076054,0.17900820893216
489,0.9206442768272864,0.568286468988365,0.17879948466538767
490,0.9206528968000793,0.5683121050853895,0.1786983005914045
491,0.920687603431507,0.5684834437757178,0.17861140472610118
492,0.9207921691201922,0.5686159192359491,0.17842673732515382
493,0.9207796945630431,0.5687752171827507,0.17829861549719225
494,0.9207963004045223,0.5687906416594314,0.17823231948625903
495,0.920895316721512,0.5686096562367143,0.1751102767453069
496,0.9209493462344389,0.5686573685545107,0.17495568625565125
497,0.92094342408639,0.5687307640873934,0.17461405035836458
498,0.9208781766953613,0.5686196072646439,0.1745251663264554
499,0.9208196969245236,0.5684339048723285,0.17449538881585272
500,0.920811584235016,0.5685082274231962,0.1743051989897167
501,0.9207880762664141,0.5683462364012815,0.17419608233588724
502,0.9208265875224806,0.5683554151961482,0.17414708867977607
503,0.9208536272588028,0.5685156361117013,0.17401720280449096
504,0.9208914851954869,0.5686160820053151,0.1739320069353273
505,0.920875451969231,0.5685125691482203,0.1738151522046701
506,0.9208276789501548,0.568609847000731,0.1736728885624715
507,0.9208805132729173,0.5687554074809659,0.1735857600194686
508,0.9209336780984262,0.5688675938997898,0.17335355929192242
509,0.9210069805331346,0.569161149345571,0.17227267900874818
510,0.92108334588283,0.5699347532144624,0.17101521738002157
511,0.9210852328229288,0.5700457794343299,0.1708184517391534
512,0.9211516946193976,0.5702091623097658,0.17059013876769777
513,0.9211695148663172,0.5702091394787387,0.17053572102334766
514,0.9211474211420255,0.5704210272213786,0.17039667597419297
515,0.921104559547483,0.5705633033729054,0.17024942592446926
516,0.921096804262108,0.5706820958758582,0.17012371629038883
517,0.9211053358446315,0.5707931107800869,0.16991610911483934
518,0.921074741282258,0.5707010887985722,0.16976794617069718
519,0.9210891373670025,0.570663098518319,0.169709586679668
520,0.9210863280936581,0.5708874066714833,0.16964804313308773
521,0.9210509950442343,0.5707901670818359,0.16953497213244267
522,0.9211021192074369,0.570924465189806,0.16939539663085793
523,0.9210707176034733,0.5709691049319506,0.1692493065261827
524,0.9211188019100199,0.5710016728420143,0.16923112533114137
525,0.9211569519188986,0.5709741226463505,0.16918878633176868
526,0.9212284096871154,0.5712877830720497,0.16668023065048118
527,0.9212177144645196,0.571253467479621,0.16668988731559778
528,0.9212943642002992,0.5714316416151421,0.16617134660075641
529,0.9212506648197251,0.571600301824431,0.16608505037716942
530,0.9213596346496589,0.5718240690056132,0.165874583374943
531,0.9214235869310883,0.5719285825519435,0.16566853474929102
532,0.9213827775280177,0.5719060809042515,0.16559846262677969
533,0.921392131524352,0.5719548681718689,0.16552265519667134
534,0.9213767746758097,0.5718595262286573,0.16541309936590684
535,0.9213968969127885,0.572079329506246,0.16528398152314389
536,0.9214042794218099,0.5720820099166547,0.1652532337599729
537,0.921350872483824,0.5720798793027922,0.1652071776413376
538,0.9213899870995554,0.572055203061803,0.16504083519176999
539,0.9214014855206862,0.5722683302773237,0.1647689374508187
540,0.9214105051712189,0.5722582015025418,0.16464522950286317
541,0.9214205509174875,0.5721821544998279,0.16440854169765182
542,0.9214655338784953,0.572414946728038,0.16436132566881276
543,0.9215556727379944,0.572710693084213,0.1641634141453512
544,0.9215594005015295,0.5728000112723579,0.164017141271991
545,0.92154420121825,0.5728753958628744,0.16399149602067248
546,0.9216456694044515,0.5735666137644417,0.1620894598056906
547,0.9215493355399849,0.5736789264779575,0.16205775265653555
548,0.921535477482967,0.5737601538205427,0.16201815252392168
549,0.9215683932506759,0.5739109049170203,0.1618791289620716
550,0.9215774667039812,0.5739808888402046,0.16181226486717534
551,0.921590679127727,0.5738894671918744,0.1617113616313008
552,0.9215704339129821,0.5737361855325233,0.16158998020697413
553,0.9216096215467622,0.5737554133085976,0.16081586305025056
554,0.9215522946924818,0.5735345745214444,0.1607296684973457
555,0.9215102439825845,0.5734992104552662,0.16072815197408918
556,0.9214930194092196,0.5735013474481906,0.16061897482678167
557,0.9215138526114086,0.5735512743363185,0.1605029673309683
558,0.9215217616189912,0.573629098498416,0.16035792815742664
559,0.9215810868619709,0.5736467295269876,0.1602254045186473
560,0.9215927005747574,0.5737107686568106,0.16024426398771305
561,0.9216325069404232,0.5739565385179182,0.16005642326659256
562,0.9216621906987166,0.5741793275705305,0.1599065681966521
563,0.9216298706045624,0.5741382593513159,0.15982753286973359
564,0.92163717625248,0.5741279431249522,0.15977614370855467
565,0.9216055325360393,0.5740928735751942,0.15971185568873736
566,0.9214998293030175,0.5742101697653942,0.15961076079263842
567,0.9214889342415518,0.5742327310930624,0.1595822309280242
568,0.9215174228096809,0.574292145296496,0.15944026391231841
569,0.9214956250006389,0.5742797429887577,0.1595436550616166
570,0.9214066236854762,0.5743491456781744,0.1594307725574239
571,0.9213794763436087,0.574416509125113,0.15927776001338798
572,0.9213795954783197,0.5746025083195958,0.1592100161346313
573,0.9214327987343804,0.5746830350908628,0.15906951767396446
574,0.9214588085319115,0.5747767966775035,0.15897307759934973
575,0.9214411112627581,0.5748560026008128,0.15888489150842322
576,0.9214745304706968,0.5748927280928451,0.15883914012839828
577,0.9214746765067942,0.5748896027095493,0.15876544613553065
578,0.9215819438632784,0.5750411419631332,0.15861168406331178
579,0.9215695576963986,0.5751228123763967,0.15846995428117625
580,0.9215785466024898,0.5751430202195819,0.15840800312846345
581,0.921559250622377,0.5751416923622663,0.15830432030788585
582,0.9216130303367164,0.5751886786729707,0.15818008868209793
583,0.921579941631524,0.5752848275889171,0.1581310230004472
584,0.9215216040537284,0.575326418297033,0.1580602857378244
585,0.9215394166145375,0.5753641421652955,0.157885354376266
586,0.9215310310681113,0.5753858585608436,0.15789088411540841
587,0.9214732084597113,0.5754397570286568,0.15770995693641948
588,0.9215645156079884,0.5757780815883039,0.1569549019931376
589,0.9216433174546748,0.5759116255575919,0.15681823207356066
590,0.921647291173742,0.5759462077885392,0.156729366904947
591,0.9216679937120545,0.5761031303400824,0.15658918828513277
592,0.9215925660678257,0.5761025536591622,0.15660349559210535
593,0.9215812751716752,0.5761927410216395,0.15653105495741734
594,0.9215874855488635,0.5762308365311255,0.15647000463703753
595,0.9215419760892946,0.576352988997178,0.1563455190211524
596,0.9215123538198843,0.5763450806742749,0.1564085414417003
597,0.9215604496555966,0.5763063300731149,0.15632580409849942
598,0.9214983535698243,0.576362230468097,0.1562502731855204
599,0.9214602150901113,0.576327718481223,0.15618205888078351
600,0.9215454194667455,0.5764245581406547,0.15593224295675004
601,0.9215408885046756,0.5765000763402156,0.15592499442415328
602,0.9216065432595545,0.5765826690356185,0.15578854058826433
603,0.9216439400296157,0.576602740138816,0.15574670371962987
604,0.9216540895383745,0.5766221724515719,0.15565156085257903
605,0.9216494817152008,0.5766622681552356,0.15561939548073925
606,0.9216663181399914,0.5767082023705965,0.15544326444243547
607,0.9216733278726593,0.5767490086261674,0.1555269591599018
608,0.9216918321834028,0.5768054713710355,0.15516520191237143
609,0.921647291173742,0.5769881138252392,0.15506081004747144
610,0.9215905446207954,0.5774052937186047,0.15490013606012484
611,0.9215776588567407,0.5774918492493282,0.15476713560901942
612,0.9215759141096841,0.5775464132906166,0.15462223097725222
613,0.9216399470952724,0.5776738423926302,0.15439566903237675
614,0.9216155321656456,0.5775740628713093,0.15426269306021345
615,0.9217013475880551,0.5777033419556541,0.15362915126858642
616,0.9217549889524077,0.5778936955835914,0.1534960598431038
617,0.9218050447462672,0.5780986246834577,0.15328711559977004
618,0.9217998873662012,0.5780714504175547,0.15330819794294553
619,0.9218862177580064,0.5783637206366273,0.15310890075353287
620,0.9219161974315494,0.5784271323584383,0.1530320952011449
621,0.9219347478589551,0.5784334949185229,0.15293966238160447
622,0.9218492898406784,0.5785572645737832,0.15285120100419178
623,0.921856111263642,0.5785680836454081,0.15283191974403434
624,0.921911616509762,0.5787519614587978,0.152688931907465
625,0.9219192027007086,0.578792323713919,0.15261160310125416
626,0.9219662685976298,0.5789948796059041,0.15253541277331176
627,0.92193736497954,0.5789983229590926,0.15247792314651376
628,0.9219366424851642,0.5790073222788075,0.1524344148458358
629,0.9219747809648773,0.5791465668293804,0.15231697035004527
630,0.92193655793795,0.579047985483663,0.15240297926509533
631,0.9218519761362567,0.5789204428332066,0.1523775164566262
632,0.9220325651427255,0.5793004597095333,0.15104245884951586
633,0.9220441942277326,0.5793717286847578,0.15113457864426894
634,0.9220745851081811,0.5794886364713782,0.1510277334745098
635,0.9221323462276981,0.5796122258726406,0.1509492702196679
636,0.9221229768591431,0.5795980363058802,0.15086372937669518
637,0.9221321656041042,0.5796501396038409,0.15078781402770003
638,0.9221750810014193,0.5797498057088034,0.15050643403209804
639,0.9221681827173519,0.5797382707882267,0.1504648438041374
640,0.9222287069935511,0.5797673741710501,0.1503593969476877
641,0.9222552010160362,0.5798475783574898,0.15030811109335004
642,0.9222844620382585,0.5799803742601903,0.1501768684545753
643,0.9222809494858142,0.580059480144344,0.1501345651293482
644,0.9222710882061947,0.5800897500495817,0.15005902917804845
645,0.9222678600398345,0.5801539038935358,0.14994032256965
646,0.9223715571980466,0.5803930756046095,0.14954042985311797
647,0.9223965562720624,0.5804077676692557,0.14943170101471331
648,0.9223797083181062,0.5803102497916005,0.1492715102703331
649,0.9224571804676965,0.5805269409054578,0.14873276169756752
650,0.9224492176573413,0.5807498937908631,0.1485572814511491
651,0.922457572459326,0.5807555150687305,0.14851436295322912
652,0.9225146764164055,0.5811244542735668,0.1483730519819632
653,0.9225323583133381,0.5812119014501375,0.14831443505299288
654,0.9225774796243328,0.5813093582129273,0.14825393292218175
655,0.922559132878852,0.5813213286170538,0.14822342937414634
656,0.9226507935882068,0.5813883293466521,0.14807579062167064
657,0.9226627070592981,0.5814000141807374,0.14804465943763956
658,0.9226517543520044,0.5813298810442785,0.1480271293998565
659,0.9226445063499147,0.5814140726518338,0.14799329758446397
660,0.9226144805597093,0.5814223305309822,0.14791274680858132
661,0.9226471772732723,0.5815209954988473,0.14784264248937076
662,0.9226894086067634,0.5816092336290306,0.14769766553877953
663,0.9226763691205012,0.5815820175681944,0.14766847295968222
664,0.9227079974647211,0.5816146605467764,0.1476012155758655
665,0.9226889897137477,0.5815691815797763,0.14747420452497215
666,0.9226936129091421,0.5815173556372022,0.1474100260196521
667,0.9227203836316009,0.5815060051656109,0.147336967138113
668,0.9227225895452804,0.581576145307639,0.14726692890358845
669,0.9228088622912576,0.5819187950250699,0.14710089571392002
670,0.9228341572805232,0.5820502015995104,0.14691230151188878
671,0.9228010301447789,0.5820173826093542,0.14685430202838728
672,0.9228103572397268,0.5820945497599407,0.1467681048973916
673,0.9228812116482787,0.5822671670768864,0.14669052359151122
674,0.9228810118094088,0.5822786138904772,0.14662228182141565
675,0.9229023215504416,0.5822816822440666,0.14659040448746857
676,0.9229590527311675,0.5823217863519583,0.1464765072960219
677,0.9229383463497997,0.5823881286184188,0.1464130901571956
678,0.9228954732260917,0.5823265841182023,0.14633124932435126
679,0.9229023061782208,0.582467384651098,0.14620460290137252
680,0.9228506170859052,0.5825073975606457,0.1461214791938866
681,0.922873218093482,0.5825224350318459,0.14612116477629228
682,0.9228621846820293,0.5825898926327752,0.14603559861134038
683,0.9228022637654951,0.5826953268488898,0.14599308672045808
684,0.9228297492962194,0.5826271014046346,0.14597906907579158
685,0.9228680722425816,0.5826649258581345,0.14589099502089464
686,0.9228517046705241,0.5826634627063012,0.14590194357650257
687,0.9228167789849506,0.5827280282631782,0.1458121034153122
688,0.9228741596420037,0.5828560193208644,0.1457337170992543
689,0.9228994546312693,0.5830607774008525,0.1456155409249993
690,0.9229525656540055,0.5832623055358507,0.1455032670290423
691,0.9230326895116775,0.583457015755739,0.14537049459042445
692,0.923017951395021,0.5836170090277311,0.14524664086929637
693,0.9230124212386015,0.5836149740573168,0.1450973311260434
694,0.9230518702001346,0.5840231004213414,0.1435189949609482
695,0.9230512245668625,0.5841247984777052,0.1434618567927215
696,0.9230619005741825,0.5841322174197294,0.14335600807096183
697,0.9230792020086512,0.5842435392052672,0.14328354354921505
698,0.9230680456194325,0.5844321598896839,0.14320305087399185
699,0.9230725419940056,0.5845253279221831,0.1431344506445054
700,0.923105953515834,0.5845020843684604,0.14305106665998746
701,0.923176123860562,0.5843866250283453,0.14130038739394027
702,0.9231490687520191,0.584443667735677,0.14134295385488665
703,0.9231484884506853,0.5844755352710567,0.14125380193136775
704,0.9231488996575907,0.584492446908067,0.14126777270153143
705,0.9231403719181224,0.5845317411065759,0.14120567426740355
706,0.9231635685992539,0.5844937586133189,0.14117513976409662
707,0.9231788024700299,0.5845358333033737,0.1410987761830179
708,0.9231857468707596,0.5846080494845165,0.1404980817082499
709,0.9232032788885398,0.5846932223985235,0.14047830549669946
710,0.9232101233698345,0.5846643018389437,0.1404282805551015
711,0.9232606864469793,0.5846813351246751,0.14030943760532164
712,0.9232394151364985,0.5847776683301719,0.14028654064967166
713,0.9232033403774229,0.5847097502949069,0.1402591349631444
714,0.9231606401911985,0.584754847311666,0.14022689090598264
715,0.9231429736664866,0.5847559157496608,0.14017215073475442
716,0.9231385733682932,0.584755886287771,0.14006439955489133
717,0.9231821113405492,0.5848491722757743,0.14002637853995653
718,0.9232325014802103,0.584954478905222,0.13993361273191607
719,0.9232389962434827,0.5850587435449524,0.1397769511097044
720,0.9232946283104241,0.5854010684209394,0.13921125443593058
721,0.9232728574027684,0.5854283520629249,0.1391534121004644
722,0.9232636763439177,0.5855289294145505,0.13909410611707365
723,0.9232767119871248,0.5855699776964769,0.13904527540513112
724,0.9232581577166639,0.5855925546953438,0.13903037422958853
725,0.9232620968482343,0.5856615219297884,0.1389756134368009
726,0.9232470935607696,0.585519110109997,0.13885662733510415
727,0.9232006848262861,0.5855558580589771,0.13892025256300497
728,0.9232766620274073,0.5856409443921252,0.1387876897742304
729,0.9232766927718489,0.5856325733525349,0.13883430708109845
730,0.9233574699489033,0.5858335428974343,0.13871717447026444
731,0.9233467747263074,0.5859144082835936,0.1386302478247996
732,0.923326418062962,0.5859550205912372,0.1385534694891972
733,0.9233254342408331,0.5859729761397455,0.13846575709715392
734,0.9233711627545479,0.5860182429005469,0.13826185546850123
735,0.9233491266760842,0.5859512086133902,0.13822559651181437
736,0.9233579657030229,0.5859516680547602,0.13819350530115035
737,0.9233906393582547,0.5860222472785385,0.13814639445573076
738,0.9234149543684466,0.5861279293284506,0.13804002397961404
739,0.9234210917275862,0.5861288957984079,0.13808486294783373
740,0.9234348806096107,0.58618361141732,0.1380012305926527
741,0.9233984522894575,0.5862448801109628,0.1379212663886559
742,0.9233692796575045,0.5861750137524759,0.13790018399797382
743,0.9233427126169708,0.5860693554467166,0.1378201223007736
744,0.9233504948037321,0.5860999188296716,0.13778452857462584
745,0.9233177596596173,0.5859808520796439,0.1377344966749035
746,0.923399693596284,0.5860652473378188,0.13762520436616532
747,0.9234239778620345,0.5861574265909026,0.13753211422024952
748,0.9234018264919149,0.5862842662449641,0.13749589638318943
749,0.9233490882455322,0.5862937345903539,0.13745420870746022
750,0.9233896709083466,0.5862769397810644,0.13738594087875722
751,0.9233763393498898,0.5863280045588698,0.137334669436249
752,0.9233589841126484,0.5863190326554921,0.13728853939941155
753,0.923376281704062,0.5863284604796772,0.13724813944613587
754,0.9233580617794026,0.5864009559408144,0.13719535741352315
755,0.9233142355780073,0.5861373451652981,0.13705646734234567
756,0.9233151041084804,0.5862307992744016,0.136988374225966
757,0.9233261221477123,0.5861194583302783,0.13692066347519333
758,0.9233381009507419,0.5862733899550926,0.1368287164974322
759,0.9233345807121871,0.5862470295812716,0.13675938627417727
760,0.9233703710851786,0.5863102606764103,0.1367279323212625
761,0.9233307991458795,0.5861876230056695,0.13670730580557758
762,0.9233127137281517,0.586056595576943,0.13669792995248348
763,0.9232774729120525,0.5860775997929896,0.13635685481063933
764,0.923253184803247,0.5861006219301814,0.13629048213964115
765,0.9232260413044346,0.5860505233924821,0.1362672660689494
766,0.9233094317590188,0.5860948113978953,0.13622775117579675
767,0.9232962846672113,0.5859939447648163,0.13616284426315395
768,0.9234532119828706,0.5860136279283438,0.13417939782809343
769,0.9233970841618095,0.5860728151899165,0.13410678942343232
770,0.923360406043069,0.5860652735529381,0.1340259035158818
771,0.9233384045521019,0.5860769197698431,0.13397649720895505
772,0.9233401877297105,0.5860863151195917,0.13395293584085857
773,0.9233730458515914,0.5861975152510195,0.13388148086862325
774,0.9233802016203566,0.5863730876636065,0.13388945312097705
775,0.9233548259269321,0.5863268051562349,0.13388100230153913
776,0.9233462328555255,0.5863700029475495,0.1337240129208837
777,0.9233848017574199,0.5863994560785408,0.13368414991886152
778,0.9233719851683587,0.5863579989685876,0.1335916669783372
779,0.9233488115455585,0.5863750823076646,0.1335027533011737
780,0.9233834413158823,0.5864346989647645,0.1333648593771446
781,0.9233936215690827,0.5864462926980145,0.13332320393907723
782,0.9233668662188447,0.5863966678281978,0.13326573508848982
783,0.9233632422177998,0.5864522809853572,0.13315479785432582
784,0.9234217681052997,0.5864370394856078,0.1331006569905668
785,0.9234510099122463,0.5864795460234543,0.13304506401020014
786,0.9233840562047129,0.5866229904511433,0.13283828372111614
787,0.9233535077590016,0.5866813269457468,0.13279593647949597
788,0.9233329743151174,0.58688771462075,0.13250631581361277
789,0.9233506523689948,0.5869041640255626,0.13248263628884455
790,0.923333047333166,0.5868880533971986,0.1323743925916889
791,0.9233503026509725,0.5869039220818285,0.1322846141092133
792,0.9232991362141628,0.5869133067295856,0.13219180703960928
793,0.9233087822826916,0.5869998360340877,0.13216764255565136
794,0.923297691225411,0.5868236082455598,0.13206313299074052
795,0.9233040284234206,0.5868665604636982,0.1319855757724446
796,0.9233392077506368,0.5868851105860329,0.13187350717645036
797,0.9233499029732327,0.586980920843348,0.13180212456501006
798,0.9233517860702761,0.5869351374880103,0.1317438196944845
799,0.9233682305034374,0.5871819460446431,0.1316635215569815
800,0.9233710474628922,0.5872970434996071,0.13155740622351797
801,0.9233861621989574,0.5873217053001669,0.1315216135383885
802,0.9233877224793648,0.5873255689254847,0.13148431601826946
803,0.9233554907754801,0.5874219421854087,0.13141440884095498
804,0.9233470821707227,0.587513975354279,0.131300555609835
805,0.9233479737595269,0.5875566386857844,0.13126948336629518
806,0.9232768657093324,0.5874558956046968,0.1311160712578035
807,0.9232726037611259,0.58745644531574,0.1310995004024765
808,0.9232839100294971,0.5874894464583176,0.13108382567811339
809,0.9232942478479602,0.5875897679068807,0.13104901292038906
810,0.923228708384737,0.5875329466453362,0.13110207760659665
811,0.9232302148623719,0.5877185823082008,0.13095670020122038
812,0.9232244387504202,0.5875844041761125,0.13065459633899626
813,0.9231537419071311,0.587520247619483,0.13056449144435045
814,0.9231628960645955,0.5876084467657419,0.1305240510307114
815,0.9231608707745099,0.5875794200535598,0.13047740401361377
816,0.9231455600426299,0.5876709011407075,0.1304231257502002
817,0.9231734875247012,0.5877078257213495,0.13022819204327388
818,0.9231430889581422,0.5877104964348268,0.13016253577688683
819,0.9231535151668748,0.5876359633873753,0.13013316937279884
820,0.9231570008179328,0.5876417747910445,0.1301033903244153
821,0.9231679727405024,0.5876885295829555,0.12999858358362668
822,0.92318142343367,0.5877543219273231,0.1299146603279758
823,0.9231505752296538,0.5877104328093307,0.12978051615552383
824,0.9231231281294815,0.5877227211957156,0.12970834340746282
825,0.9231070756879497,0.5877513234562927,0.12966044760895995
826,0.9231032211035934,0.5878848857824597,0.12959097079025875
827,0.923105569210315,0.5879010355156367,0.12951671421015468
828,0.923125376316768,0.5878918094383466,0.12947579169870913
829,0.9230799898349653,0.5879906184593183,0.12939720912260877
830,0.9231265676638772,0.5881788685722357,0.12929083102852829
831,0.9231449643690753,0.5882779018866798,0.12918955701690613
832,0.9231409791208426,0.5882498319741447,0.1292388456557403
833,0.9231014532982057,0.5882429218245595,0.12913400572234474
834,0.9230733490355957,0.588169918406248,0.12906459649605598
835,0.9230983942262738,0.5883302101701385,0.1289704996044259
836,0.9230721115718242,0.5883316873381484,0.12893945231411452
837,0.9230324358700349,0.5883415423168921,0.12885225602070965
838,0.9230516703612647,0.5883999970070221,0.1287340466725427
839,0.9230103882624056,0.5883020939773049,0.12872195020027563
840,0.9230048581059861,0.5882537289535915,0.1288513730470089
841,0.9230831488263321,0.5883632212836918,0.12876687373314555
842,0.9231339232715123,0.5885062627519412,0.12867982510406642
843,0.9231203073269715,0.5884528556911705,0.1286764067222208
844,0.9231573851234519,0.5885331677829243,0.1285877508105333
845,0.9231548179625845,0.588623451867424,0.1285049173424952
846,0.9231682917140832,0.5886765036863975,0.1284231317344084
847,0.9232727959138854,0.5890065548255685,0.1280397885833964
848,0.9232790946813431,0.589017330286739,0.12802638320221402
849,0.9233468362151904,0.5891970824052625,0.12796462722103633
850,0.923325188285301,0.5892958140844897,0.12791015899125865
851,0.9233178941665489,0.5894350848222485,0.12774892878139454
852,0.9233212376245649,0.589417623455965,0.1276831812598756
853,0.9233383430632189,0.5895332556200671,0.1276427289724693
854,0.9233433351919117,0.5895741622483803,0.12760582187581976
855,0.9233446764181733,0.5897296922773907,0.1274913888087339
856,0.923312256404584,0.5897774669115383,0.12742824918317888
857,0.9233294310182315,0.5897683577827317,0.1272929391051251
858,0.9233332356428704,0.5897538407330042,0.12725394225140615
859,0.9234082482371387,0.5899395238903313,0.12718507933251733
860,0.9233782147608229,0.5899058800086715,0.12712662592792748
861,0.923411518677106,0.5900575238251244,0.12707294275777534
862,0.9234159381905754,0.5900641928432021,0.12703694345880623
863,0.923413935958821,0.5900319084938691,0.1270175441686224
864,0.9233781340566639,0.5900228707100139,0.12689563559576802
865,0.9233873881335632,0.5901050350452193,0.12689633770512943
866,0.923382849485383,0.5902479157062847,0.126797866706947
867,0.923406703328952,0.5903691071565282,0.12673398737658642
868,0.9234088938704107,0.5904121762397071,0.12666561924128092
869,0.9234458294738491,0.5904707861271533,0.12659678630226737
870,0.9234239740189792,0.5903860478612174,0.1265634683645474
871,0.9234525087037706,0.5905471362351047,0.1265102739136747
872,0.9234444767184219,0.59060694266505,0.12644779289734254
873,0.923387584129378,0.5906360885041861,0.12641278702270864
874,0.9233997128115601,0.5906748750780095,0.12637161789439522
875,0.9234293312379152,0.5906380535166222,0.12632255677721763
876,0.9233736069376492,0.5906177544659549,0.1262815213071716
877,0.923383130028412,0.5911687644788274,0.12564631507209176
878,0.9234113457396225,0.5912188617906589,0.12559376950264026
879,0.9233998665337677,0.5911659945661765,0.12548694557967444
880,0.9234732035559728,0.5913859643189077,0.12544326587068738
881,0.9234886257364533,0.5914433768131865,0.12536609283821284
882,0.9234717893116626,0.5914917965021015,0.12532271121256497
883,0.9234862737866766,0.5916452258326055,0.12525004948659502
884,0.9236134596982145,0.5919852672536218,0.12452191842270469
885,0.923606922661335,0.5920785522442702,0.12451025918139491
886,0.9235833916344021,0.5921294713006634,0.1244984730444339
887,0.9236070225807701,0.5923934105902535,0.12410060812479849
888,0.9236348463003511,0.5926036352476124,0.12399787170532044
889,0.9236356033822237,0.5927090055648061,0.12393925123212422
890,0.923596404219278,0.5927568475083009,0.12390151249451256
891,0.9235807168679894,0.5927477333833938,0.12384140576161752
892,0.9235774810155187,0.5928244915340919,0.12385109697969225
893,0.9235896635004734,0.5928058850373394,0.12357831576177768
894,0.9236147048480964,0.5932389708915935,0.12306095960025204
895,0.9236342429406862,0.5932862734838373,0.12296488963264683
896,0.9236624317505103,0.5933254211723274,0.1229316334474588
897,0.9236321100450553,0.5933517475711476,0.12294117224256025
898,0.9235877381298229,0.5933170655346767,0.122908894914337
899,0.9235733228298023,0.5934531945396939,0.1228386339816663
900,0.9235444384269886,0.5934595988763381,0.12271987482771035
901,0.9235396077066138,0.593395459562416,0.12278716292176407
902,0.9235518824248932,0.593424509617771,0.1227018053874735
903,0.9235776539530023,0.5934559028311619,0.12264406216843099
904,0.9235573011327121,0.5934330541278149,0.12266279978116706
905,0.9235012655449757,0.5933669000986317,0.1226209300555227
906,0.9234887064406123,0.5933779685388502,0.12246732681456404
907,0.9235157692352656,0.5933664332555253,0.12243119090686563
908,0.923496396394049,0.5934212170404408,0.12239445127102735
909,0.9234879416726294,0.5933864265323882,0.12234096469238775
910,0.9234644260179171,0.593282601475113,0.12232651305093092
911,0.9234225751468899,0.5932667949392727,0.12231294086168967
912,0.9234475857500712,0.593455507456201,0.12219886386501165
913,0.92341814794731,0.5935427204671903,0.12200663439337332
914,0.9234057425651543,0.5935204519257103,0.12195757542686222
915,0.9234489769360503,0.5934849294226676,0.12190076118550833
916,0.9233808126661319,0.593363119319619,0.12186660950416202
917,0.9233995783046284,0.5932405152941378,0.12178863116010735
918,0.9233518744605456,0.593250853096023,0.12173772210516243
919,0.9233634228413937,0.5932730222953166,0.12168829480610502
920,0.9233404798019049,0.593254883674403,0.12164109508590454
921,0.923378376169141,0.5933344929024973,0.12163994306463162
922,0.9234453952086126,0.5932693863860281,0.1204554938891737
923,0.9235318677934596,0.5933419329791676,0.12031204879859568
924,0.9234913927361906,0.5933216104674891,0.12027432326419915
925,0.9234849402465254,0.5933253027883019,0.12021729997670114
926,0.9234700676229372,0.5931630830280955,0.120183947206776
927,0.9235153388130842,0.5932351195970813,0.1201072563730646
928,0.923535461050063,0.5933761807244234,0.12002575474089645
929,0.9234924841638649,0.5932872398242235,0.12010573033243871
930,0.9234817043940547,0.5933435258690003,0.12005799778001545
931,0.9234572817783175,0.5932519970862026,0.12002672357491992
932,0.9234582656004464,0.5932740550504741,0.12001546189539758
933,0.9234447918489476,0.5932107450644849,0.1200041645718739
934,0.9234880031615124,0.5933112942691722,0.11993579318504995
935,0.9234224905996756,0.5933241781170936,0.11991067015984548
936,0.9234393347105767,0.5934228474436253,0.11983170633344319
937,0.9234412523951169,0.5934541389926548,0.11977838825408056
938,0.9234341773305107,0.5934388308011441,0.11974371972534881
939,0.9234526547398678,0.5934667415040468,0.1196668945491595
940,0.9234109460618826,0.5934581694913038,0.11964905128667243
941,0.9234016650835969,0.5935433190879672,0.1195888834520407
942,0.9233913426373546,0.5936415217018752,0.11958580439693649
943,0.923365986159206,0.593602031408552,0.11957903526168706
944,0.9233271367142827,0.5936382060006217,0.11961637448546575
945,0.9232988133975268,0.5936015174092416,0.11954866026509954
946,0.9233287969141251,0.5937231746664048,0.11946931982327684
947,0.9233213144856687,0.5937751488472275,0.11945640205847954
948,0.9233498837579567,0.5939605269681931,0.11938792309063813
949,0.923366109136972,0.5939902819009673,0.11933767326440664
950,0.9233710551490026,0.5940100003404674,0.11929055811659166
951,0.9233750826708425,0.5940564716258666,0.11924151389879635
952,0.9233671890354807,0.5940736148373555,0.11918698110666744
953,0.9233339773525222,0.5940218074304827,0.11911305466937624
954,0.9232728766180444,0.5939531374269816,0.11907829033067016
955,0.9231785142408907,0.5938730467318413,0.11908503432255456
956,0.923244422637412,0.5938651650057984,0.11799722480139166
957,0.9232493071605595,0.5939596022386047,0.11791747604974848
958,0.9232922878898129,0.5941403938674916,0.11783076664219173
959,0.9232579309764075,0.5941618604591675,0.11775151369366936
960,0.9232950318312191,0.5940989801782423,0.11765418359912425
961,0.9233064802926324,0.5941113448274404,0.1175908562652468
962,0.9234394231008461,0.5943755332614443,0.11727776600566775
963,0.9234309606933161,0.5946561715495288,0.11683720527194079
964,0.923444115471234,0.5946662036169968,0.11679221122022548
965,0.9234289238740649,0.5947121563923551,0.11673264955134695
966,0.9234391848314243,0.5947916123040693,0.11661711633385491
967,0.9233715009434047,0.5949588015207045,0.1165708092716378
968,0.9233536883825956,0.5949176020162057,0.11656839630017064
969,0.9233547874963801,0.5948805890997115,0.11652023812076014
970,0.9233729228738253,0.5949258885904717,0.1164354605160296
971,0.9234193815680263,0.5950210799620091,0.11633909151126053
972,0.923385005439345,0.5949370944552445,0.11623892348090661
973,0.9234158421141956,0.5950597121900305,0.11614920977765204
974,0.9234630655763796,0.5950789333085732,0.11612451831903405
975,0.923416775976607,0.5950650624786062,0.11608950666195074
976,0.9234672506634823,0.5951505125488816,0.11602032086396208
977,0.9234831493828065,0.5951812585378078,0.1159930638109291
978,0.923465571248364,0.5951546236478978,0.1160361355253289
979,0.923445183840577,0.5951240595156376,0.11602067112383851
980,0.9234452068989082,0.5951403118699674,0.1159944041591681
981,0.9234218872400107,0.5952943119614749,0.11593272282733574
982,0.9234420248492102,0.5953427914186771,0.11588513766724559
983,0.923484006384114,0.5954167371644932,0.11585232579083687
984,0.9234941059331553,0.5956596005080202,0.1157822701156904
985,0.9234996437756852,0.595675678997658,0.11572931894610661
986,0.9235150198395035,0.5956616263420818,0.11568697935984497
987,0.923498652267446,0.595706079620299,0.11562685014002934
988,0.9235386815303129,0.595868678703427,0.11558186143600109
989,0.9235163380074338,0.5958343376864172,0.11555192610553867
990,0.923522667519333,0.5960338099565226,0.11550171505937089
991,0.9235079294026765,0.5959723114369225,0.11546295731054325
992,0.9235492960487497,0.5960318922390632,0.11538886363341747
993,0.9235542997066081,0.5960734030373908,0.11535319338866543
994,0.9235097971274991,0.5959887176655776,0.11537578958999452
995,0.9235234976192542,0.5959367945816668,0.11537352861847706
996,0.9235642570626074,0.5960158172940633,0.11530080329308502
997,0.9235449610824946,0.5959659444377745,0.11501435025242579
998,0.9235536310150049,0.5960228732333691,0.11496637849812014
999,0.9235495612195579,0.5961264361071881,0.11494538204506592
1000,0.9235304804505358,0.5960760176610959,0.11490702329439946
1001,0.9235272484411204,0.5960357921098264,0.11486008265576085
1002,0.9235625545891578,0.5961725877406139,0.1145349155634446
1003,0.9235784686807027,0.5962371806368278,0.1145053766708093
1004,0.9236606178284603,0.5962471342358276,0.11452734628246408
1005,0.9236662479043147,0.5962519698640945,0.11457586970043748
1006,0.9237517097656467,0.5964270223818067,0.11449178537238568
1007,0.9237130985901453,0.5964648566192075,0.11446478288927107
1008,0.923751110249037,0.5965812190406193,0.11441892368950564
1009,0.9237593574454763,0.5965518338653497,0.11436292737724228
1010,0.9237722201511998,0.5967217892259173,0.11432470547524282
1011,0.9238248085184301,0.5969046748212092,0.1142523691688054
1012,0.923847936024568,0.5969417581462734,0.11419934620402632
1013,0.9238539734642727,0.5968678621551348,0.11415091171950047
1014,0.9238368295950667,0.5967855939625861,0.1141591377007075
1015,0.9237550147931107,0.5967548294777111,0.11386186423125283
1016,0.9237420944415594,0.5967795231446705,0.11380761794780814
1017,0.9237361953518417,0.5968473831192908,0.1137917597101155
1018,0.9237576011692542,0.5970012859370062,0.1137657766165255
1019,0.9237710787638082,0.5970970977318646,0.11369077474985954
1020,0.9237789262825077,0.5971671855110806,0.11362323589117884
1021,0.9237658637379143,0.5970766007002228,0.11361625190676836
1022,0.9237974959251893,0.5971531360265624,0.11355557721566728
1023,0.9237837992764896,0.5972218956969589,0.11351851811467775
1024,0.9237351269824986,0.5972439119823947,0.1134631266631795
1025,0.9236689687873898,0.5974110229988698,0.11340148018260669
1026,0.9236749063076595,0.597475547346642,0.11338080931753033
1027,0.9237084369641988,0.5976324370371321,0.1132807059685108
1028,0.9237179369966304,0.5976363187014605,0.11324699390411462
1029,0.9237630890520665,0.5977352809313198,0.11320763293948786
1030,0.9238228408741724,0.597911277071358,0.11315544448669451
1031,0.9238672396907912,0.5979880189701621,0.11310431948086025
1032,0.9238897330928226,0.5980422421610857,0.11309543784204386
1033,0.9238581623944306,0.5979645537538854,0.11307666815649688
1034,0.9238529012518745,0.5980515827210888,0.1130425677191988
1035,0.9238011852581725,0.5980612483173054,0.11302728484064913
1036,0.9238601492539642,0.5979930291835048,0.11293959445427286
1037,0.9238182561093298,0.597968817105758,0.11289294848237362
1038,0.9238000208124497,0.597975769208332,0.11287843459668066
1039,0.9237941409380078,0.5979741470835811,0.11287289791038072
1040,0.9237540002265404,0.5979826452778051,0.11289787514436826
1041,0.9236741991855044,0.5979520880333212,0.11289994679412207
1042,0.9236563712524745,0.5978820802087932,0.11288430569060305
1043,0.9236678927319364,0.5978213624383885,0.11286490615518263
1044,0.9236094437055402,0.5977527654391003,0.11281137715645621
1045,0.9235674467984156,0.5977425102066435,0.11275583484204547
1046,0.9235732305964778,0.5978119527612932,0.11270630682641648
1047,0.9235958162318338,0.597922030541811,0.11264129224839967
1048,0.9236493653628618,0.5980512500822492,0.11256613046582728
1049,0.9236817546320094,0.5981174367888281,0.1125395854688625
1050,0.9236995326053219,0.5981541621103496,0.11249722249976907
1051,0.9236993711970038,0.5981418027122861,0.11250360923742256
1052,0.9237177794313676,0.5981431778261619,0.11244696036266098
1053,0.923787315671989,0.5982359170082836,0.11237584571722004
1054,0.9238010046345785,0.5982739836744149,0.11234450375712711
1055,0.9238122993737842,0.5983715403256791,0.11228766261428122
1056,0.923866148263117,0.598449277341125,0.11229420739066519
1057,0.923925319783889,0.5985837191538766,0.11216663339910501
1058,0.9239462067888508,0.5987856265621947,0.1120763298711778
1059,0.9239609064749554,0.5987799551216015,0.11202408944389597
1060,0.923915124158468,0.5988124216814077,0.11139300255764245
1061,0.9239604568374981,0.5989888203976678,0.1113291844235414
1062,0.9239585468390683,0.5990205808928332,0.11126886350471787
1063,0.9239930113580189,0.5990575237829766,0.11122485260296237
1064,0.9240487548735609,0.599133600670084,0.11120107617176667
1065,0.9240291706643088,0.5991705769876465,0.1111856027415494
1066,0.9240322220501302,0.5991830482619543,0.11117534947899477
1067,0.9240308616085927,0.5991836280086528,0.11114148048700793
1068,0.9240341512638359,0.5992310111466631,0.11112384119094258
1069,0.9240750529002312,0.5992930757806174,0.11107736975336661
1070,0.9240691883980101,0.5993499168874006,0.11099366933205848
1071,0.924078111972163,0.5993160475587794,0.11093728352576183
1072,0.924069649564633,0.5994163784506044,0.11091007957723817
1073,0.9241062700375456,0.5994677585442446,0.1108160445657248
1074,0.9241311307615746,0.5994999150425768,0.11072686741371084
1075,0.9241251086940907,0.5996068760155373,0.11069631348983008
1076,0.9241477058586124,0.5996246325503741,0.11060065475553134
1077,0.9241193210529735,0.5996598550985727,0.11057510949618037
1078,0.9241176762253518,0.5997687673957399,0.1106365283559441
1079,0.9241080724304301,0.5997396452701376,0.1105907784175271
1080,0.9240873929504486,0.5999071934069888,0.11053697013592169
1081,0.9241808714249086,0.6001018196618502,0.11044702027037734
1082,0.9241769169211173,0.6000313664452765,0.11041016877138783
1083,0.9242415455802602,0.6001014278882452,0.11036518309537557
1084,0.924254415972094,0.6001321272132497,0.110316600512699
1085,0.9242556495928103,0.6001349429912578,0.1102691656852352
1086,0.9242319994311663,0.6001451289223287,0.1102161390319839
1087,0.924286247998239,0.6002364205727675,0.11013193743077747
1088,0.9242837576984754,0.6002315638295801,0.11012482522228591
1089,0.9242764904811097,0.6002280633296838,0.11008801603994438
1090,0.9242953214515444,0.6002974378718948,0.11005145850376827
1091,0.924290579121439,0.600212960127332,0.11003727779318849
1092,0.924300793962136,0.6003599051476097,0.10992079889471193
1093,0.9243068237157304,0.6004333588410876,0.10987173834324193
1094,0.9243011628954343,0.6004176960432642,0.10985982462917525
1095,0.9242835194290536,0.6004608828212894,0.10983327834800412
1096,0.9242957019140082,0.6004685506527255,0.10978464933853374
1097,0.9243127381776689,0.6005045822729848,0.10977944199953724
1098,0.9243182452757572,0.6005976721952496,0.10971449317582664
1099,0.9243123654013153,0.6005806399164808,0.10969757775013705
1100,0.9242610183409117,0.6005487951527656,0.10968712056531031
1101,0.9242709103649728,0.6006635536220973,0.10969129058866058
1102,0.9242115466914411,0.6005098197908967,0.10967431619197783
1103,0.9241822318664461,0.6004493326861364,0.1096497142713558
1104,0.9242076728918088,0.6004613080601573,0.10961220177493784
1105,0.9243307966940102,0.6006911995990782,0.10942214499910707
1106,0.9243379832072169,0.6006908834606042,0.10936478605377774
1107,0.9243605073536899,0.600758421453394,0.10932710906836057
1108,0.9243783237575542,0.6008440761858839,0.10927812419152165
1109,0.9243839961070158,0.6008926111393641,0.1092460179944821
1110,0.9244125922806903,0.6009071444630977,0.10921590485868951
1111,0.924415789702609,0.600970998475827,0.10917819108956534
1112,0.9243245132987733,0.6008632306781143,0.10923796316664341
1113,0.9242889342938173,0.6007761224354555,0.10923310589856428
1114,0.9242905829644942,0.6008289510602786,0.10924866176303427
1115,0.9242972045485879,0.6008513291627359,0.10918632308085789
1116,0.924291082561669,0.6008903709585087,0.10913799394810854
1117,0.9243875240316809,0.6011567567259464,0.1087179006360593
1118,0.9243665140489531,0.6011638259775619,0.10873491461374071
1119,0.9243990224528117,0.6012346917544452,0.10867074458626784
1120,0.924441960908458,0.6012122059615942,0.10861962803257987
1121,0.9244808257256021,0.6013200057445791,0.1085635245513934
1122,0.9244689929586697,0.6012925501581894,0.10853755856924013
1123,0.9244310696900474,0.6012810220039834,0.10848593352879062
1124,0.9244674365213175,0.6014223040864569,0.10843029194396613
1125,0.9244208932799023,0.6015279776928637,0.10834746002472541
1126,0.9244144254180162,0.6014448914414942,0.10830136809039054
1127,0.9244069891062221,0.6013920084015282,0.108283409123585
1128,0.9244097484198491,0.6014275435725825,0.10823875702706265
1129,0.9244177957774186,0.6014737236125991,0.10820862000001501
1130,0.924400298347135,0.6015719999492998,0.10814779272919321
1131,0.9243768403382506,0.6015426946192873,0.10820803304569261
1132,0.9244115854002303,0.6015803305658319,0.108140031868804
1133,0.9244066163298686,0.601521519698811,0.10809538359670626
1134,0.9244611031663631,0.601548403949651,0.10805811814795685
1135,0.9244608110941687,0.6015086940576807,0.10803488980227031
1136,0.9244477562356856,0.6015232580368132,0.1079933676500391
1137,0.924444881630403,0.601532987903674,0.10799963243406115
1138,0.924451591604766,0.6015577368631437,0.10795091475165644
1139,0.9244431061389048,0.6015308814876661,0.10794119806481123
1140,0.9244273380834571,0.601418829043837,0.10788235275120871
1141,0.9244671598213438,0.6015050553714414,0.10788511566784129
1142,0.924450665428465,0.6014895771989287,0.10785638232147
1143,0.9244341441342,0.6014846357260653,0.10782429004544973
1144,0.9244241906212559,0.6015265507478068,0.10778824592497002
1145,0.924435715943773,0.601611821323796,0.10776009341897742
1146,0.9243608147981052,0.601656215124777,0.10772249835863253
1147,0.9243341439950814,0.601644945415863,0.10769885028568378
1148,0.9243357158046543,0.601736736204314,0.10766860030931442
1149,0.9243484440034462,0.6017918742811482,0.10761388994279746
1150,0.9243532170779931,0.6018220235925986,0.10763780944981716
1151,0.9243448738051739,0.6018611899385494,0.10744885823017086
1152,0.9243085454044557,0.6017158041471641,0.10740400910068676
1153,0.924310966529226,0.6016991049208321,0.10738989947014228
1154,0.9242542968373831,0.6015264205032352,0.10737389374575666
1155,0.9241990029592986,0.6015701756776369,0.10736236567476776
1156,0.9241970045705994,0.6015100602584704,0.10731643163263103
1157,0.9241963243498306,0.6016042364671935,0.10727639075544797
1158,0.9242288865564618,0.6016884681089901,0.10722553248468852
1159,0.9242973736430162,0.6018991679586332,0.10710765398612379
1160,0.924220247368393,0.6018321856858763,0.10706393463470829
1161,0.9241375601929087,0.6017788123219493,0.10705227247054008
1162,0.9240998790367634,0.6018681985906607,0.10703590540951947
1163,0.9240983418146871,0.6019320736068035,0.10698473481127375
1164,0.9241265344675665,0.6020115487283656,0.1069251126886707
1165,0.9240817321301527,0.6020015205694421,0.10689976192195115
1166,0.9240857442797719,0.6020912836365758,0.10683659431010407
1167,0.9241129876980191,0.6020999922187772,0.10667032602359937
1168,0.9241101745816195,0.6020857771342085,0.10665265614458123
1169,0.9241041256127492,0.6021072333388086,0.10663132716897421
1170,0.9240588851670437,0.6020707656482337,0.10665393988903943
1171,0.924053109055092,0.6020782073642791,0.1066224057813646
1172,0.9240272760380998,0.6021411674591403,0.10658667485561876
1173,0.9240263229604124,0.6022390816413741,0.10656188901793004
1174,0.923992588621948,0.6022328378817906,0.10645212450056261
1175,0.9239825313465138,0.6022255799522822,0.10640339076268833
1176,0.9239797489745557,0.6022051080787753,0.10637987503039996
1177,0.9239588081668213,0.6022058083314966,0.10637448797607182
1178,0.9239196512774827,0.6022008791760711,0.10635282281071526
1179,0.9239429709363801,0.60217713760805,0.10631118110124078
1180,0.923912345629565,0.6022013897775007,0.1063179063583781
1181,0.9238809440256014,0.6022204344943841,0.1063231033475775
1182,0.9238945599701422,0.6021793754221445,0.10631761639305606
1183,0.9239151818042958,0.6022189143274692,0.10627033538101571
1184,0.923922841013291,0.6022010312743142,0.10624541659418119
1185,0.9239191632094734,0.6021816816619754,0.10626773303983586
1186,0.9239052206052414,0.6022103430695828,0.10624931554699563
1187,0.9239110428338554,0.6022180418338856,0.10622840322220453
1188,0.9238650337771117,0.6024980732216181,0.1057343683238154
1189,0.9237711633110223,0.6023458262814234,0.10569482991878333
1190,0.9238949558048268,0.6024802866024344,0.10550817314888682
1191,0.9239010470473042,0.6026605989074711,0.10547732692384601
1192,0.923905455031608,0.6026771448086261,0.10542058549856642
1193,0.9238598302803834,0.6025850708062986,0.10540581727822855
1194,0.9238349503410784,0.6025721489908263,0.105397377677709
1195,0.9238439238749488,0.6025786273883372,0.10534113889050596
1196,0.923836652814528,0.6025435199229576,0.10533835334266696
1197,0.9238455341150738,0.602639583538405,0.10527952448963888
1198,0.9238258615155523,0.6026670361431136,0.1052597289819886
1199,0.9238183444995992,0.6027199166195404,0.10521018897640791
1200,0.9237834188140256,0.6028690284205181,0.10507825299648951
1201,0.9238090558352031,0.6029697408842152,0.10503758344278419
1202,0.9237643726325002,0.6029584991302718,0.1050104432093138
1203,0.9237986334695258,0.6030033526276292,0.10498619554346199
1204,0.923774157051016,0.6029963667668901,0.1049562334140472
1205,0.9237864625137368,0.6030378027740703,0.10493929654000358
1206,0.923817272287201,0.6030931651437547,0.10489240489675632
1207,0.9238071035631662,0.6031541445697762,0.10485631523161436
1208,0.923839454401762,0.6032169810074858,0.10479503224802043
1209,0.9238465294663681,0.6033157883911144,0.10471620201161012
1210,0.9238426402945151,0.6033381088233093,0.1046798282873479
1211,0.9238483702898046,0.6033612963679709,0.10464086396506139
1212,0.923877612096751,0.6033767565312047,0.10460637634088978
1213,0.9238822083907592,0.6035095251546294,0.10458106292866436
1214,0.9238426479806255,0.6034620857715634,0.1045467900085774
1215,0.9238485893439504,0.6035071142902424,0.10448180398350648
1216,0.9238794721354633,0.6036114805269487,0.1044249982799068
1217,0.923939984882497,0.6037923371157183,0.10444295030989367
1218,0.9239512450342059,0.6038803695290272,0.10442787902284602
1219,0.9239574208238974,0.6039240240349099,0.10440646571289611
1220,0.9239410148212881,0.6039030861194602,0.10437143382111051
1221,0.9239368451064061,0.6037913326876007,0.1043645058660939
1222,0.9239195628872132,0.60386304474292,0.10431303094061928
1223,0.9239173454443682,0.6037859132980525,0.1042979057847406
1224,0.9238960702908322,0.603847103636184,0.10425529803458562
1225,0.9238785843897143,0.6038057321252741,0.10427645323215788
1226,0.923896569888007,0.6038709299574129,0.10425491860705142
1227,0.9239233175521346,0.6039414285728996,0.10414754805213448
1228,0.9239091020909841,0.6039158184476485,0.10410684194273592
1229,0.9239062889745844,0.6038775923768227,0.1040701030838285
1230,0.9238836610656213,0.6039635150912658,0.10405819381172624
1231,0.9239018002861216,0.6040570425389996,0.1040206563921193
1232,0.9239281098419575,0.6041590083763896,0.10397425978738387
1233,0.9239441661265445,0.6041304723431792,0.10393854012487191
1234,0.9239890760695036,0.6041696022088523,0.10393015406864196
1235,0.9239638886857834,0.6041921935192784,0.10389057089572531
1236,0.9239731696640691,0.6042712949405681,0.10383738617284535
1237,0.9239694111560925,0.6042385835668925,0.10382128370475999
1238,0.9239578128155268,0.6041085261777593,0.10378036050846974
1239,0.9239693611963751,0.6040390239575919,0.10376220232286942
1240,0.9239524863410324,0.6040400506079916,0.10375507705026266
1241,0.9239439201710122,0.6040586877407386,0.10375028990359941
1242,0.9238818509866265,0.6040059008821473,0.1037194258111808
1243,0.9238545383933857,0.6039944487212997,0.10365477066363897
1244,0.923829078152747,0.6040009552350444,0.1036455923425348
1245,0.9238194820439357,0.6040189653725727,0.10364234782458549
1246,0.9238499420993775,0.6040334687497838,0.10363048152769778
1247,0.9240085142426585,0.6043296582563233,0.10247519015117287
1248,0.9240077648468963,0.6045092859786312,0.10242355427961176
1249,0.9240032492570471,0.6045535427507034,0.10235206571491036
1250,0.9240321451890264,0.6046807819863863,0.1023161105523585
1251,0.9241738809075166,0.6050176599740188,0.10180859173287717
1252,0.9241713252758147,0.6050279478158992,0.10179345808622438
1253,0.924166275501294,0.6051390862002306,0.10176586092157237
1254,0.9241831734149678,0.6052225937560654,0.1017333767822398
1255,0.9241957133040553,0.6052381527265859,0.1016887775514406
1256,0.9242078535154028,0.6053416818931805,0.10164216474021498
1257,0.9241947640694231,0.6052898922873498,0.10163567264928362
1258,0.9241984918329582,0.6053651923122383,0.10159090921945284
1259,0.9240800911455862,0.6051531318046731,0.10173674805770677
1260,0.9240942451178538,0.6051468256301872,0.10168375971581206
1261,0.9241025807045625,0.6052727486694471,0.10166024287421324
1262,0.9240818282065325,0.6053232677838454,0.1016028018474987
1263,0.9240550305826873,0.6053619490924828,0.10157715066527982
1264,0.924030988429414,0.6053681987964469,0.10154381955770587
1265,0.9240015006669353,0.6052959283939567,0.10152953323351822
1266,0.9240531128981472,0.6052087875465378,0.10147281134384285
1267,0.9240627897111174,0.6052925616624641,0.10139173533334582
1268,0.9240607375196456,0.6051946861774519,0.10136330634462025
1269,0.9240627551236208,0.605277686726565,0.10132576539502346
1270,0.9240721168060654,0.6053239144974247,0.10128558030002038
1271,0.9240510568636201,0.6053176407302392,0.10124981504173855
1272,0.9240538622939093,0.6053180162310446,0.1012359138117592
1273,0.9240454959627591,0.6054201269738245,0.101220511531305
1274,0.9240699416368274,0.6055848711697492,0.10114629226781433
1275,0.9240811287704878,0.6056784402390851,0.10110125169558394
1276,0.9240334364555705,0.6056553533818428,0.1010901490455389
1277,0.924031292030774,0.6056691374818792,0.10106655912811292
1278,0.9239909783818231,0.6055460952205043,0.10098181962018864
1279,0.9239841185283075,0.6055651218546951,0.10097578977034861
1280,0.9239377981840934,0.6054983999699772,0.10097378911688998
1281,0.9238791992785448,0.6055378391245014,0.10092634093063768
1282,0.9238012890206626,0.6054962429332884,0.10091477287600162
1283,0.923786689253993,0.6055288580612496,0.10087343697025569
1284,0.9237928688867397,0.6056964031721056,0.10081268498432876
1285,0.9238094670421085,0.6058435518960017,0.10078772368036519
1286,0.9238775390787024,0.6058938254437252,0.10074291327007714
1287,0.9238791262604962,0.6058281396639078,0.10073102286374382
1288,0.923801819362279,0.6057920106641956,0.10072867685066025
1289,0.9237944599115887,0.6057957193776305,0.10073922708593638
1290,0.9238339895772808,0.6058585682937092,0.10064819430167563
1291,0.9239696993852319,0.6060036253681909,0.09979077783205756
1292,0.9239835728144704,0.6059632903838315,0.09974252861733529
1293,0.9240132565727639,0.6059684092805133,0.09972451516017859
1294,0.9240048095374546,0.6061583314012549,0.09969047501030259
1295,0.923952659278516,0.6060980047886778,0.09962302032306497
1296,0.9239715517378337,0.606172426315338,0.09960330671849911
1297,0.9239936339329599,0.6061759810141438,0.0995891269919973
1298,0.9240011432628026,0.6062716208445402,0.09954387868153904
1299,0.9240261500229289,0.6063618887538971,0.09950008249748207
1300,0.9240297624948082,0.6065304336795326,0.09945175181291405
1301,0.9240770013292129,0.6065360207744311,0.09939351274309008
1302,0.9240476365445003,0.6064330068713151,0.09938422016142164
1303,0.9240374255468585,0.6064766021967389,0.09929233058779338
1304,0.9240564909436598,0.6065225054926118,0.09925547472992136
1305,0.9240106509813445,0.6065480222785256,0.09923504601324423
1306,0.9240095864550567,0.6066028775380283,0.09915659612378797
1307,0.9240434629865631,0.6066058919581458,0.09913000752625975
1308,0.9240371988066023,0.606627199934618,0.09904490238035545
1309,0.9240102090299975,0.6066775318468194,0.09901038356289779
1310,0.9240133910796955,0.6066664570721131,0.09899405892035128
1311,0.9240258348924032,0.6066702134186222,0.09896928647000018
1312,0.9240293282295716,0.6066868243485155,0.09894089128648371
1313,0.9240291783504191,0.6067296655052971,0.09893098992380511
1314,0.9240701799062493,0.6067515209092831,0.0988598762036263
1315,0.9240687733480495,0.6067188980408158,0.09886087917978115
1316,0.9240789920318017,0.6067999318114812,0.09885044369611667
1317,0.9241069925319215,0.6068172093402258,0.09876641184906844
1318,0.92405659470615,0.6068042489736349,0.09871873031674526
1319,0.9240844568562829,0.606953757731104,0.09870481448858759
1320,0.9240644614401254,0.6069549794411325,0.09866436996596703
1321,0.9240473790598025,0.6071137542351512,0.09868677029463885
